Permissions_Count,Network_Requests,Cookie_Access,API_Calls,Extension_ID,Week,Label,Label_Encoded
-0.2557554703709406,-0.30433990331590655,-0.7129485436850859,-0.5546135428381197,ext_754,1,Normal,0
0.32157064784788686,-0.3636978186139067,1.4026257699205102,-0.6657436943552423,ext_792,1,Normal,0
0.32157064784788686,-0.16188090660070611,-0.7129485436850859,-0.054527861011068185,ext_195,2,Normal,0
0.32157064784788686,-0.23311040495830634,-0.7129485436850859,-0.18417970444771117,ext_833,3,Normal,0
-0.5444185294803544,-0.23311040495830634,-0.7129485436850859,-0.3879183155624359,ext_928,2,Normal,0
-0.2557554703709406,-0.3518262355543067,-0.7129485436850859,-0.2582664721257929,ext_320,1,Normal,0
0.32157064784788686,-0.29246832025630654,-0.7129485436850859,-0.16565801252819076,ext_467,1,Normal,0
2.3422120616137834,5.23968938551731,1.4026257699205102,4.020244361283425,ext_487,3,Suspicious,1
-0.8330815885897681,-0.3755694016735068,-0.7129485436850859,-0.3693966236429154,ext_691,1,Normal,0
-0.8330815885897681,-0.24498198801790638,-0.7129485436850859,-0.16565801252819076,ext_975,3,Normal,0
-0.5444185294803544,-0.29246832025630654,-0.7129485436850859,0.0010372147474930955,ext_266,2,Normal,0
-0.5444185294803544,-0.2212388218987063,1.4026257699205102,-0.3879183155624359,ext_646,2,Normal,0
-0.8330815885897681,-0.30433990331590655,-0.7129485436850859,-0.3323532398038746,ext_801,4,Normal,0
3.785527357160852,5.524607378947711,1.4026257699205102,4.446243275432395,ext_374,3,Suspicious,1
0.03290758873847313,-0.15000932354110608,1.4026257699205102,-0.5360918509185993,ext_317,3,Normal,0
0.32157064784788686,-0.1856240727199062,-0.7129485436850859,-0.01748447717202733,ext_242,4,Normal,0
-0.5444185294803544,-0.33995465249470663,1.4026257699205102,-0.610178618596681,ext_697,1,Normal,0
-0.5444185294803544,-0.23311040495830634,-0.7129485436850859,-0.2582664721257929,ext_981,4,Normal,0
0.32157064784788686,-0.29246832025630654,-0.7129485436850859,0.09364567434509523,ext_710,1,Normal,0
-0.2557554703709406,-0.15000932354110608,-0.7129485436850859,-0.5731352347576402,ext_798,3,Normal,0
-0.8330815885897681,-0.29246832025630654,-0.7129485436850859,-0.11009293676962947,ext_545,1,Normal,0
0.32157064784788686,-0.16188090660070611,-0.7129485436850859,-0.5360918509185993,ext_991,3,Normal,0
0.32157064784788686,-0.3874409847331068,-0.7129485436850859,-0.12861462868914988,ext_880,1,Normal,0
-0.2557554703709406,-0.30433990331590655,-0.7129485436850859,-0.4249616994014767,ext_214,1,Normal,0
-0.8330815885897681,-0.1856240727199062,-0.7129485436850859,-0.5546135428381197,ext_187,4,Normal,0
0.32157064784788686,-0.16188090660070611,1.4026257699205102,-0.4620050832405176,ext_662,2,Normal,0
-0.2557554703709406,-0.2212388218987063,1.4026257699205102,-0.5731352347576402,ext_830,2,Normal,0
1.1875598251761281,3.7794846691865054,1.4026257699205102,3.6683322148125375,ext_330,2,Suspicious,1
-0.8330815885897681,-0.15000932354110608,-0.7129485436850859,-0.4434833913209972,ext_702,1,Normal,0
-0.8330815885897681,-0.19749565577950623,-0.7129485436850859,-0.3879183155624359,ext_132,4,Normal,0
0.32157064784788686,-0.17375248966030615,1.4026257699205102,-0.4249616994014767,ext_319,4,Normal,0
-0.8330815885897681,-0.3518262355543067,1.4026257699205102,-0.2953098559648337,ext_926,4,Normal,0
-0.8330815885897681,-0.15000932354110608,-0.7129485436850859,-0.6472220024357218,ext_520,4,Normal,0
-0.8330815885897681,-0.30433990331590655,-0.7129485436850859,-0.480526775160038,ext_845,4,Normal,0
-0.2557554703709406,-0.2212388218987063,-0.7129485436850859,-0.6287003105162015,ext_243,4,Normal,0
0.32157064784788686,-0.3518262355543067,-0.7129485436850859,0.05660229050605438,ext_927,1,Normal,0
-0.5444185294803544,-0.3280830694351066,1.4026257699205102,-0.12861462868914988,ext_195,4,Normal,0
-0.8330815885897681,-0.3280830694351066,1.4026257699205102,-0.7027870781942831,ext_318,4,Normal,0
0.03290758873847313,-0.28059673719670647,1.4026257699205102,0.11216736626461565,ext_371,4,Normal,0
-0.5444185294803544,-0.3755694016735068,-0.7129485436850859,-0.3323532398038746,ext_258,1,Normal,0
0.32157064784788686,-0.19749565577950623,-0.7129485436850859,-0.6472220024357218,ext_151,1,Normal,0
0.32157064784788686,-0.3636978186139067,-0.7129485436850859,-0.23974478020627246,ext_971,1,Normal,0
0.32157064784788686,-0.3755694016735068,-0.7129485436850859,-0.22122308828675202,ext_683,3,Normal,0
-0.2557554703709406,-0.30433990331590655,-0.7129485436850859,-0.23974478020627246,ext_367,2,Normal,0
0.03290758873847313,-0.26872515413710646,-0.7129485436850859,-0.7027870781942831,ext_787,4,Normal,0
-0.8330815885897681,-0.3636978186139067,-0.7129485436850859,-0.11009293676962947,ext_736,3,Normal,0
-0.8330815885897681,-0.30433990331590655,-0.7129485436850859,-0.3693966236429154,ext_235,2,Normal,0
-0.2557554703709406,-0.16188090660070611,-0.7129485436850859,0.0751239824255748,ext_548,3,Normal,0
-0.5444185294803544,-0.29246832025630654,-0.7129485436850859,-0.5916569266771605,ext_779,2,Normal,0
-0.5444185294803544,-0.26872515413710646,-0.7129485436850859,0.09364567434509523,ext_378,3,Normal,0
-0.8330815885897681,-0.3636978186139067,1.4026257699205102,-0.3879183155624359,ext_617,1,Normal,0
-0.5444185294803544,-0.15000932354110608,-0.7129485436850859,-0.5175701589990789,ext_103,4,Normal,0
0.32157064784788686,-0.3874409847331068,-0.7129485436850859,-0.6287003105162015,ext_664,2,Normal,0
2.6308751207231973,3.7438699200077052,1.4026257699205102,3.6683322148125375,ext_658,2,Suspicious,1
-0.2557554703709406,-0.2568535710775064,-0.7129485436850859,-0.2953098559648337,ext_540,2,Normal,0
-0.8330815885897681,-0.2568535710775064,1.4026257699205102,0.01955890666701352,ext_798,2,Normal,0
-0.5444185294803544,-0.23311040495830634,-0.7129485436850859,-0.4990484670795584,ext_342,3,Normal,0
-0.5444185294803544,-0.29246832025630654,-0.7129485436850859,0.11216736626461565,ext_901,1,Normal,0
0.03290758873847313,-0.30433990331590655,-0.7129485436850859,-0.16565801252819076,ext_491,3,Normal,0
-0.5444185294803544,-0.30433990331590655,-0.7129485436850859,0.0751239824255748,ext_412,2,Normal,0
-0.8330815885897681,-0.29246832025630654,-0.7129485436850859,0.05660229050605438,ext_508,4,Normal,0
0.32157064784788686,-0.26872515413710646,-0.7129485436850859,-0.5731352347576402,ext_795,3,Normal,0
-0.2557554703709406,-0.3755694016735068,-0.7129485436850859,0.0010372147474930955,ext_282,4,Normal,0
-0.2557554703709406,-0.23311040495830634,-0.7129485436850859,-0.2582664721257929,ext_453,2,Normal,0
2.9195381798326108,0.206138168246895,1.4026257699205102,3.520158679456374,ext_360,2,Suspicious,1
-0.2557554703709406,-0.16188090660070611,-0.7129485436850859,0.0751239824255748,ext_472,1,Normal,0
0.32157064784788686,-0.28059673719670647,1.4026257699205102,-0.3323532398038746,ext_837,4,Normal,0
-0.5444185294803544,-0.31621148637550656,1.4026257699205102,0.0751239824255748,ext_813,4,Normal,0
-0.5444185294803544,-0.16188090660070611,-0.7129485436850859,-0.23974478020627246,ext_793,1,Normal,0
0.03290758873847313,-0.17375248966030615,-0.7129485436850859,-0.16565801252819076,ext_411,4,Normal,0
0.32157064784788686,-0.20936723883910627,-0.7129485436850859,0.0751239824255748,ext_552,1,Normal,0
0.32157064784788686,-0.26872515413710646,-0.7129485436850859,-0.4249616994014767,ext_390,3,Normal,0
-0.5444185294803544,-0.3874409847331068,-0.7129485436850859,-0.4249616994014767,ext_330,4,Normal,0
-0.8330815885897681,-0.2212388218987063,1.4026257699205102,0.03808059858653395,ext_725,2,Normal,0
0.03290758873847313,-0.24498198801790638,-0.7129485436850859,-0.5360918509185993,ext_835,1,Normal,0
-0.8330815885897681,-0.23311040495830634,-0.7129485436850859,-0.4990484670795584,ext_868,4,Normal,0
-0.8330815885897681,-0.2212388218987063,-0.7129485436850859,-0.16565801252819076,ext_151,3,Normal,0
0.32157064784788686,-0.19749565577950623,1.4026257699205102,-0.054527861011068185,ext_873,4,Normal,0
0.03290758873847313,-0.2212388218987063,-0.7129485436850859,-0.4249616994014767,ext_262,3,Normal,0
0.03290758873847313,-0.15000932354110608,-0.7129485436850859,-0.3879183155624359,ext_884,4,Normal,0
-0.5444185294803544,-0.29246832025630654,-0.7129485436850859,-0.3323532398038746,ext_179,1,Normal,0
0.03290758873847313,-0.33995465249470663,-0.7129485436850859,-0.6287003105162015,ext_241,4,Normal,0
0.03290758873847313,-0.23311040495830634,-0.7129485436850859,-0.4620050832405176,ext_517,4,Normal,0
0.32157064784788686,-0.3874409847331068,1.4026257699205102,-0.14713632060867032,ext_498,1,Normal,0
0.03290758873847313,-0.23311040495830634,-0.7129485436850859,-0.12861462868914988,ext_460,2,Normal,0
-0.8330815885897681,-0.24498198801790638,-0.7129485436850859,0.0751239824255748,ext_379,4,Normal,0
0.03290758873847313,-0.33995465249470663,-0.7129485436850859,-0.23974478020627246,ext_841,1,Normal,0
-0.5444185294803544,-0.2212388218987063,-0.7129485436850859,-0.6472220024357218,ext_185,3,Normal,0
0.03290758873847313,-0.26872515413710646,-0.7129485436850859,-0.2582664721257929,ext_488,3,Normal,0
0.03290758873847313,-0.29246832025630654,-0.7129485436850859,-0.14713632060867032,ext_870,1,Normal,0
-0.2557554703709406,-0.30433990331590655,-0.7129485436850859,0.05660229050605438,ext_867,1,Normal,0
2.0535490025043694,1.4170396403260987,1.4026257699205102,1.1493821137577596,ext_872,2,Suspicious,1
-0.8330815885897681,-0.17375248966030615,-0.7129485436850859,-0.16565801252819076,ext_344,3,Normal,0
0.32157064784788686,-0.16188090660070611,-0.7129485436850859,-0.5175701589990789,ext_885,3,Normal,0
-0.2557554703709406,-0.17375248966030615,1.4026257699205102,-0.23974478020627246,ext_210,2,Normal,0
-0.5444185294803544,-0.3518262355543067,-0.7129485436850859,0.09364567434509523,ext_177,1,Normal,0
-0.8330815885897681,-0.2568535710775064,1.4026257699205102,0.0751239824255748,ext_915,3,Normal,0
-0.2557554703709406,-0.3874409847331068,1.4026257699205102,-0.12861462868914988,ext_170,1,Normal,0
0.03290758873847313,-0.33995465249470663,1.4026257699205102,-0.4990484670795584,ext_543,3,Normal,0
0.32157064784788686,-0.20936723883910627,1.4026257699205102,-0.2027013963672316,ext_730,3,Normal,0
-0.8330815885897681,-0.29246832025630654,1.4026257699205102,-0.4249616994014767,ext_430,4,Normal,0
0.03290758873847313,-0.26872515413710646,-0.7129485436850859,-0.12861462868914988,ext_683,3,Normal,0
-0.2557554703709406,-0.29246832025630654,-0.7129485436850859,-0.3879183155624359,ext_286,3,Normal,0
2.0535490025043694,0.7166162398096966,1.4026257699205102,2.1865968612509037,ext_669,4,Suspicious,1
-0.5444185294803544,-0.20936723883910627,1.4026257699205102,-0.18417970444771117,ext_600,1,Normal,0
0.03290758873847313,-0.30433990331590655,-0.7129485436850859,0.0751239824255748,ext_195,3,Normal,0
-0.2557554703709406,-0.23311040495830634,-0.7129485436850859,-0.2953098559648337,ext_584,4,Normal,0
-0.5444185294803544,-0.3518262355543067,-0.7129485436850859,-0.3323532398038746,ext_377,1,Normal,0
-0.5444185294803544,-0.31621148637550656,-0.7129485436850859,-0.14713632060867032,ext_860,3,Normal,0
0.32157064784788686,-0.16188090660070611,-0.7129485436850859,-0.5916569266771605,ext_841,2,Normal,0
-0.5444185294803544,-0.28059673719670647,-0.7129485436850859,0.1306890581841361,ext_403,2,Normal,0
1.1875598251761281,3.565796174113705,1.4026257699205102,2.427378856204669,ext_380,2,Suspicious,1
0.03290758873847313,-0.3518262355543067,-0.7129485436850859,-0.03600616909154776,ext_753,3,Normal,0
-0.2557554703709406,-0.3280830694351066,-0.7129485436850859,-0.4064400074819563,ext_580,4,Normal,0
0.03290758873847313,-0.20936723883910627,-0.7129485436850859,-0.03600616909154776,ext_216,1,Normal,0
0.32157064784788686,-0.28059673719670647,-0.7129485436850859,-0.4249616994014767,ext_255,1,Normal,0
0.32157064784788686,-0.16188090660070611,-0.7129485436850859,-0.09157124485010903,ext_671,4,Normal,0
-0.2557554703709406,-0.17375248966030615,1.4026257699205102,-0.350874931723395,ext_561,1,Normal,0
-0.8330815885897681,-0.31621148637550656,-0.7129485436850859,-0.4064400074819563,ext_724,1,Normal,0
0.32157064784788686,-0.3636978186139067,-0.7129485436850859,-0.7027870781942831,ext_260,4,Normal,0
0.03290758873847313,-0.28059673719670647,-0.7129485436850859,-0.4434833913209972,ext_561,3,Normal,0
0.03290758873847313,-0.3636978186139067,-0.7129485436850859,-0.4064400074819563,ext_823,2,Normal,0
-0.5444185294803544,-0.15000932354110608,-0.7129485436850859,-0.3879183155624359,ext_535,2,Normal,0
4.651516534489094,2.0699767086041008,1.4026257699205102,3.872070825927262,ext_173,3,Suspicious,1
-0.2557554703709406,-0.24498198801790638,-0.7129485436850859,-0.11009293676962947,ext_549,4,Normal,0
1.1875598251761281,2.8297580244185028,1.4026257699205102,4.538851735029997,ext_548,3,Suspicious,1
-0.8330815885897681,-0.30433990331590655,-0.7129485436850859,0.09364567434509523,ext_718,3,Normal,0
4.651516534489094,1.2627090605512983,1.4026257699205102,3.2793766845026084,ext_690,4,Suspicious,1
0.32157064784788686,-0.23311040495830634,1.4026257699205102,-0.610178618596681,ext_384,4,Normal,0
-0.2557554703709406,-0.3518262355543067,-0.7129485436850859,-0.3138315478843542,ext_456,4,Normal,0
0.03290758873847313,-0.1856240727199062,-0.7129485436850859,-0.16565801252819076,ext_810,1,Normal,0
-0.8330815885897681,-0.24498198801790638,-0.7129485436850859,0.0751239824255748,ext_422,4,Normal,0
3.4968642980514386,2.4023810342729015,1.4026257699205102,4.001722669363905,ext_523,4,Suspicious,1
-0.8330815885897681,-0.31621148637550656,-0.7129485436850859,-0.054527861011068185,ext_740,2,Normal,0
0.03290758873847313,-0.3518262355543067,-0.7129485436850859,0.03808059858653395,ext_394,2,Normal,0
0.32157064784788686,-0.3874409847331068,1.4026257699205102,-0.610178618596681,ext_826,2,Normal,0
0.03290758873847313,-0.3518262355543067,-0.7129485436850859,-0.12861462868914988,ext_961,3,Normal,0
0.03290758873847313,-0.20936723883910627,1.4026257699205102,-0.4249616994014767,ext_621,4,Normal,0
-0.5444185294803544,-0.16188090660070611,-0.7129485436850859,-0.6287003105162015,ext_664,3,Normal,0
0.03290758873847313,-0.26872515413710646,-0.7129485436850859,-0.7027870781942831,ext_891,3,Normal,0
0.32157064784788686,-0.17375248966030615,1.4026257699205102,-0.5360918509185993,ext_843,4,Normal,0
-0.2557554703709406,-0.1856240727199062,1.4026257699205102,-0.16565801252819076,ext_651,3,Normal,0
-0.5444185294803544,-0.17375248966030615,1.4026257699205102,-0.4434833913209972,ext_990,4,Normal,0
0.03290758873847313,-0.24498198801790638,1.4026257699205102,0.0751239824255748,ext_144,2,Normal,0
-0.5444185294803544,-0.19749565577950623,-0.7129485436850859,-0.5916569266771605,ext_607,4,Normal,0
0.03290758873847313,-0.3874409847331068,-0.7129485436850859,-0.22122308828675202,ext_202,2,Normal,0
-0.2557554703709406,-0.26872515413710646,1.4026257699205102,0.05660229050605438,ext_176,1,Normal,0
0.32157064784788686,-0.24498198801790638,-0.7129485436850859,0.03808059858653395,ext_972,4,Normal,0
0.32157064784788686,-0.3636978186139067,-0.7129485436850859,0.03808059858653395,ext_993,3,Normal,0
0.03290758873847313,-0.3518262355543067,-0.7129485436850859,-0.18417970444771117,ext_332,2,Normal,0
-0.8330815885897681,-0.3755694016735068,-0.7129485436850859,-0.6472220024357218,ext_810,3,Normal,0
-0.5444185294803544,-0.30433990331590655,1.4026257699205102,-0.03600616909154776,ext_467,2,Normal,0
0.32157064784788686,-0.24498198801790638,-0.7129485436850859,-0.12861462868914988,ext_274,2,Normal,0
-0.2557554703709406,-0.2212388218987063,-0.7129485436850859,0.0751239824255748,ext_337,1,Normal,0
-0.2557554703709406,-0.1856240727199062,-0.7129485436850859,-0.6287003105162015,ext_923,4,Normal,0
-0.2557554703709406,-0.15000932354110608,1.4026257699205102,0.11216736626461565,ext_453,3,Normal,0
-0.5444185294803544,-0.24498198801790638,1.4026257699205102,-0.5916569266771605,ext_567,2,Normal,0
0.32157064784788686,-0.28059673719670647,-0.7129485436850859,-0.6842653862747627,ext_490,4,Normal,0
4.074190416270266,4.931028225967709,1.4026257699205102,4.575895118869038,ext_381,1,Suspicious,1
-0.2557554703709406,-0.30433990331590655,-0.7129485436850859,-0.4434833913209972,ext_720,2,Normal,0
-0.5444185294803544,-0.15000932354110608,-0.7129485436850859,0.03808059858653395,ext_735,1,Normal,0
-0.8330815885897681,-0.17375248966030615,-0.7129485436850859,-0.5546135428381197,ext_416,1,Normal,0
0.03290758873847313,-0.3280830694351066,-0.7129485436850859,-0.5546135428381197,ext_402,3,Normal,0
-0.2557554703709406,-0.3280830694351066,-0.7129485436850859,-0.14713632060867032,ext_643,3,Normal,0
-0.8330815885897681,-0.2212388218987063,-0.7129485436850859,-0.5360918509185993,ext_864,2,Normal,0
0.03290758873847313,-0.1856240727199062,-0.7129485436850859,-0.610178618596681,ext_980,4,Normal,0
-0.8330815885897681,-0.2212388218987063,-0.7129485436850859,0.09364567434509523,ext_114,3,Normal,0
-0.2557554703709406,-0.3518262355543067,-0.7129485436850859,-0.14713632060867032,ext_698,1,Normal,0
0.32157064784788686,-0.26872515413710646,-0.7129485436850859,0.05660229050605438,ext_734,1,Normal,0
-0.2557554703709406,-0.15000932354110608,1.4026257699205102,-0.5731352347576402,ext_750,2,Normal,0
-0.2557554703709406,-0.20936723883910627,-0.7129485436850859,-0.5916569266771605,ext_146,2,Normal,0
0.03290758873847313,-0.2568535710775064,1.4026257699205102,-0.01748447717202733,ext_650,2,Normal,0
0.03290758873847313,-0.16188090660070611,1.4026257699205102,-0.3879183155624359,ext_524,1,Normal,0
0.03290758873847313,-0.2212388218987063,-0.7129485436850859,-0.2767881640453133,ext_806,1,Normal,0
-0.2557554703709406,-0.3755694016735068,1.4026257699205102,-0.3879183155624359,ext_802,2,Normal,0
0.03290758873847313,-0.3636978186139067,-0.7129485436850859,0.05660229050605438,ext_225,1,Normal,0
-0.5444185294803544,-0.33995465249470663,-0.7129485436850859,-0.6287003105162015,ext_151,2,Normal,0
-0.5444185294803544,-0.26872515413710646,-0.7129485436850859,0.0010372147474930955,ext_700,1,Normal,0
-0.5444185294803544,-0.33995465249470663,-0.7129485436850859,-0.4990484670795584,ext_383,1,Normal,0
-0.5444185294803544,-0.3874409847331068,-0.7129485436850859,-0.4249616994014767,ext_776,3,Normal,0
-0.8330815885897681,-0.33995465249470663,1.4026257699205102,-0.09157124485010903,ext_116,1,Normal,0
3.2082012389420247,4.931028225967709,1.4026257699205102,2.7607693107560363,ext_863,1,Suspicious,1
0.32157064784788686,-0.3755694016735068,-0.7129485436850859,-0.16565801252819076,ext_562,1,Normal,0
0.03290758873847313,-0.23311040495830634,-0.7129485436850859,-0.12861462868914988,ext_162,4,Normal,0
-0.2557554703709406,-0.16188090660070611,-0.7129485436850859,-0.6287003105162015,ext_175,2,Normal,0
0.32157064784788686,-0.1856240727199062,-0.7129485436850859,-0.2582664721257929,ext_381,3,Normal,0
0.03290758873847313,-0.3518262355543067,-0.7129485436850859,0.05660229050605438,ext_564,2,Normal,0
-0.5444185294803544,-0.23311040495830634,-0.7129485436850859,-0.16565801252819076,ext_540,4,Normal,0
-0.2557554703709406,-0.23311040495830634,-0.7129485436850859,0.0751239824255748,ext_525,3,Normal,0
0.03290758873847313,-0.3636978186139067,-0.7129485436850859,-0.610178618596681,ext_483,1,Normal,0
4.36285347537968,2.461738949570902,1.4026257699205102,1.6679894875043315,ext_542,1,Suspicious,1
0.32157064784788686,-0.26872515413710646,-0.7129485436850859,-0.22122308828675202,ext_700,3,Normal,0
0.03290758873847313,-0.3755694016735068,-0.7129485436850859,0.0010372147474930955,ext_994,3,Normal,0
0.32157064784788686,-0.31621148637550656,-0.7129485436850859,0.0751239824255748,ext_460,4,Normal,0
-0.2557554703709406,-0.1856240727199062,-0.7129485436850859,-0.5731352347576402,ext_329,3,Normal,0
0.03290758873847313,-0.1856240727199062,-0.7129485436850859,0.0010372147474930955,ext_687,3,Normal,0
-0.2557554703709406,-0.26872515413710646,-0.7129485436850859,-0.7027870781942831,ext_129,2,Normal,0
0.03290758873847313,-0.3636978186139067,-0.7129485436850859,0.03808059858653395,ext_990,1,Normal,0
-0.5444185294803544,-0.24498198801790638,1.4026257699205102,-0.16565801252819076,ext_193,3,Normal,0
-0.2557554703709406,-0.17375248966030615,-0.7129485436850859,-0.6472220024357218,ext_261,2,Normal,0
-0.8330815885897681,-0.3636978186139067,-0.7129485436850859,-0.18417970444771117,ext_261,4,Normal,0
0.03290758873847313,-0.29246832025630654,-0.7129485436850859,-0.11009293676962947,ext_597,1,Normal,0
-0.2557554703709406,-0.17375248966030615,1.4026257699205102,-0.09157124485010903,ext_453,3,Normal,0
0.32157064784788686,-0.3755694016735068,-0.7129485436850859,-0.4620050832405176,ext_146,3,Normal,0
-0.2557554703709406,-0.28059673719670647,-0.7129485436850859,-0.5731352347576402,ext_316,1,Normal,0
-0.5444185294803544,-0.33995465249470663,1.4026257699205102,-0.07304955293058861,ext_609,2,Normal,0
-0.2557554703709406,-0.3636978186139067,1.4026257699205102,-0.6657436943552423,ext_612,4,Normal,0
-0.8330815885897681,-0.26872515413710646,1.4026257699205102,-0.03600616909154776,ext_119,4,Normal,0
-0.2557554703709406,-0.3518262355543067,1.4026257699205102,-0.6842653862747627,ext_826,3,Normal,0
0.32157064784788686,-0.2212388218987063,-0.7129485436850859,-0.610178618596681,ext_275,4,Normal,0
0.03290758873847313,-0.17375248966030615,1.4026257699205102,-0.09157124485010903,ext_964,1,Normal,0
-0.2557554703709406,-0.30433990331590655,-0.7129485436850859,-0.5175701589990789,ext_505,1,Normal,0
0.32157064784788686,-0.19749565577950623,-0.7129485436850859,-0.2953098559648337,ext_622,3,Normal,0
-0.5444185294803544,-0.30433990331590655,-0.7129485436850859,-0.5360918509185993,ext_844,3,Normal,0
-0.5444185294803544,-0.15000932354110608,-0.7129485436850859,-0.4990484670795584,ext_302,4,Normal,0
0.32157064784788686,-0.2212388218987063,-0.7129485436850859,0.03808059858653395,ext_575,3,Normal,0
0.03290758873847313,-0.2212388218987063,-0.7129485436850859,-0.3879183155624359,ext_254,1,Normal,0
-0.2557554703709406,-0.2212388218987063,1.4026257699205102,-0.6657436943552423,ext_460,1,Normal,0
-0.8330815885897681,-0.15000932354110608,-0.7129485436850859,0.01955890666701352,ext_477,4,Normal,0
-0.8330815885897681,-0.2212388218987063,-0.7129485436850859,-0.3323532398038746,ext_573,4,Normal,0
-0.8330815885897681,-0.2212388218987063,-0.7129485436850859,-0.3138315478843542,ext_613,1,Normal,0
-0.8330815885897681,-0.30433990331590655,1.4026257699205102,-0.18417970444771117,ext_616,2,Normal,0
-0.2557554703709406,-0.24498198801790638,1.4026257699205102,-0.3138315478843542,ext_472,1,Normal,0
-0.2557554703709406,-0.3636978186139067,-0.7129485436850859,-0.5916569266771605,ext_908,4,Normal,0
0.32157064784788686,-0.33995465249470663,-0.7129485436850859,-0.610178618596681,ext_390,2,Normal,0
0.03290758873847313,-0.33995465249470663,-0.7129485436850859,-0.350874931723395,ext_458,4,Normal,0
-0.5444185294803544,-0.19749565577950623,-0.7129485436850859,0.05660229050605438,ext_758,4,Normal,0
-0.2557554703709406,-0.28059673719670647,-0.7129485436850859,-0.4620050832405176,ext_620,3,Normal,0
-0.5444185294803544,-0.33995465249470663,-0.7129485436850859,-0.6287003105162015,ext_884,3,Normal,0
0.32157064784788686,-0.1856240727199062,-0.7129485436850859,0.0751239824255748,ext_964,3,Normal,0
-0.5444185294803544,-0.16188090660070611,1.4026257699205102,-0.5360918509185993,ext_997,2,Normal,0
0.32157064784788686,-0.3280830694351066,1.4026257699205102,-0.6657436943552423,ext_285,4,Normal,0
-0.5444185294803544,-0.2212388218987063,-0.7129485436850859,-0.18417970444771117,ext_473,2,Normal,0
0.03290758873847313,-0.31621148637550656,-0.7129485436850859,0.09364567434509523,ext_646,4,Normal,0
0.03290758873847313,-0.19749565577950623,1.4026257699205102,-0.5175701589990789,ext_572,2,Normal,0
-0.2557554703709406,-0.3755694016735068,1.4026257699205102,-0.2767881640453133,ext_920,1,Normal,0
-0.8330815885897681,-0.28059673719670647,-0.7129485436850859,-0.5175701589990789,ext_828,3,Normal,0
-0.5444185294803544,-0.23311040495830634,-0.7129485436850859,-0.4434833913209972,ext_560,4,Normal,0
0.03290758873847313,-0.3755694016735068,1.4026257699205102,-0.11009293676962947,ext_457,3,Normal,0
-0.8330815885897681,-0.2568535710775064,-0.7129485436850859,-0.6842653862747627,ext_341,3,Normal,0
-0.2557554703709406,-0.33995465249470663,-0.7129485436850859,-0.6657436943552423,ext_201,3,Normal,0
-0.5444185294803544,-0.20936723883910627,1.4026257699205102,0.01955890666701352,ext_949,1,Normal,0
2.0535490025043694,5.27530413469611,1.4026257699205102,1.7605979471019337,ext_181,4,Suspicious,1
-0.5444185294803544,-0.28059673719670647,-0.7129485436850859,-0.6472220024357218,ext_213,2,Normal,0
0.32157064784788686,-0.2212388218987063,-0.7129485436850859,-0.5731352347576402,ext_529,4,Normal,0
0.32157064784788686,-0.17375248966030615,-0.7129485436850859,0.1306890581841361,ext_711,2,Normal,0
0.32157064784788686,-0.2568535710775064,-0.7129485436850859,-0.03600616909154776,ext_398,4,Normal,0
-0.8330815885897681,-0.19749565577950623,-0.7129485436850859,-0.6287003105162015,ext_291,1,Normal,0
-0.8330815885897681,-0.15000932354110608,1.4026257699205102,-0.2767881640453133,ext_499,3,Normal,0
4.651516534489094,0.6097719922732961,1.4026257699205102,2.686682543077955,ext_865,2,Suspicious,1
-0.8330815885897681,-0.17375248966030615,-0.7129485436850859,-0.5546135428381197,ext_850,1,Normal,0
-0.5444185294803544,-0.2212388218987063,1.4026257699205102,0.03808059858653395,ext_460,2,Normal,0
0.03290758873847313,-0.3755694016735068,-0.7129485436850859,-0.480526775160038,ext_930,1,Normal,0
-0.8330815885897681,-0.26872515413710646,-0.7129485436850859,-0.11009293676962947,ext_910,4,Normal,0
-0.2557554703709406,-0.3755694016735068,-0.7129485436850859,-0.3693966236429154,ext_934,3,Normal,0
-0.2557554703709406,-0.29246832025630654,-0.7129485436850859,-0.2767881640453133,ext_982,4,Normal,0
0.03290758873847313,-0.26872515413710646,-0.7129485436850859,-0.12861462868914988,ext_509,4,Normal,0
0.32157064784788686,-0.29246832025630654,-0.7129485436850859,-0.2027013963672316,ext_476,1,Normal,0
-0.5444185294803544,-0.1856240727199062,-0.7129485436850859,-0.3323532398038746,ext_540,1,Normal,0
-0.2557554703709406,-0.28059673719670647,1.4026257699205102,0.0010372147474930955,ext_181,4,Normal,0
-0.2557554703709406,-0.2212388218987063,-0.7129485436850859,-0.2953098559648337,ext_270,4,Normal,0
-0.8330815885897681,-0.3636978186139067,1.4026257699205102,-0.2767881640453133,ext_381,2,Normal,0
0.32157064784788686,-0.2212388218987063,-0.7129485436850859,-0.5546135428381197,ext_131,1,Normal,0
-0.2557554703709406,-0.2568535710775064,1.4026257699205102,-0.03600616909154776,ext_341,1,Normal,0
0.03290758873847313,-0.2568535710775064,-0.7129485436850859,-0.18417970444771117,ext_719,1,Normal,0
-0.2557554703709406,-0.24498198801790638,-0.7129485436850859,0.05660229050605438,ext_687,3,Normal,0
-0.8330815885897681,-0.3280830694351066,1.4026257699205102,-0.09157124485010903,ext_355,4,Normal,0
-0.2557554703709406,-0.2212388218987063,-0.7129485436850859,0.01955890666701352,ext_675,3,Normal,0
0.03290758873847313,-0.31621148637550656,-0.7129485436850859,-0.5546135428381197,ext_810,1,Normal,0
0.03290758873847313,-0.3636978186139067,-0.7129485436850859,0.0751239824255748,ext_562,3,Normal,0
3.4968642980514386,1.9631324610677003,1.4026257699205102,2.4644222400437097,ext_826,2,Suspicious,1
-0.5444185294803544,-0.2568535710775064,-0.7129485436850859,-0.5731352347576402,ext_828,2,Normal,0
0.03290758873847313,-0.3874409847331068,-0.7129485436850859,-0.054527861011068185,ext_911,3,Normal,0
0.32157064784788686,-0.33995465249470663,-0.7129485436850859,-0.6287003105162015,ext_578,3,Normal,0
0.03290758873847313,-0.19749565577950623,1.4026257699205102,-0.22122308828675202,ext_507,1,Normal,0
-0.8330815885897681,-0.2212388218987063,1.4026257699205102,0.09364567434509523,ext_228,3,Normal,0
0.32157064784788686,-0.15000932354110608,-0.7129485436850859,-0.5546135428381197,ext_231,4,Normal,0
-0.8330815885897681,-0.3518262355543067,-0.7129485436850859,-0.350874931723395,ext_614,2,Normal,0
-0.5444185294803544,-0.2568535710775064,-0.7129485436850859,-0.610178618596681,ext_265,3,Normal,0
0.32157064784788686,-0.29246832025630654,-0.7129485436850859,0.03808059858653395,ext_301,3,Normal,0
0.32157064784788686,-0.15000932354110608,-0.7129485436850859,-0.01748447717202733,ext_729,2,Normal,0
0.32157064784788686,-0.26872515413710646,-0.7129485436850859,-0.6842653862747627,ext_275,1,Normal,0
0.32157064784788686,-0.29246832025630654,-0.7129485436850859,-0.03600616909154776,ext_146,4,Normal,0
0.03290758873847313,-0.15000932354110608,-0.7129485436850859,0.05660229050605438,ext_732,3,Normal,0
0.03290758873847313,-0.28059673719670647,1.4026257699205102,-0.6287003105162015,ext_594,1,Normal,0
0.03290758873847313,-0.2212388218987063,-0.7129485436850859,-0.3138315478843542,ext_261,2,Normal,0
-0.2557554703709406,-0.2568535710775064,1.4026257699205102,-0.5546135428381197,ext_420,3,Normal,0
-0.2557554703709406,-0.30433990331590655,1.4026257699205102,-0.5731352347576402,ext_627,3,Normal,0
-0.8330815885897681,-0.3755694016735068,-0.7129485436850859,-0.2582664721257929,ext_560,4,Normal,0
-0.5444185294803544,-0.26872515413710646,-0.7129485436850859,-0.480526775160038,ext_354,2,Normal,0
0.03290758873847313,-0.20936723883910627,-0.7129485436850859,-0.12861462868914988,ext_610,1,Normal,0
0.32157064784788686,-0.2212388218987063,-0.7129485436850859,-0.4620050832405176,ext_192,3,Normal,0
3.2082012389420247,3.8269710014249054,1.4026257699205102,4.1498962047200685,ext_149,4,Suspicious,1
-0.8330815885897681,-0.23311040495830634,-0.7129485436850859,-0.4064400074819563,ext_392,3,Normal,0
-0.8330815885897681,-0.24498198801790638,-0.7129485436850859,-0.03600616909154776,ext_882,2,Normal,0
-0.8330815885897681,-0.24498198801790638,1.4026257699205102,-0.054527861011068185,ext_471,3,Normal,0
0.32157064784788686,-0.3518262355543067,-0.7129485436850859,-0.5916569266771605,ext_945,4,Normal,0
-0.2557554703709406,-0.1856240727199062,-0.7129485436850859,-0.5360918509185993,ext_482,2,Normal,0
0.32157064784788686,-0.3755694016735068,-0.7129485436850859,-0.6657436943552423,ext_716,2,Normal,0
0.03290758873847313,-0.19749565577950623,1.4026257699205102,-0.5360918509185993,ext_830,2,Normal,0
-0.2557554703709406,-0.3280830694351066,1.4026257699205102,0.01955890666701352,ext_435,3,Normal,0
0.32157064784788686,-0.1856240727199062,1.4026257699205102,0.1306890581841361,ext_707,3,Normal,0
-0.2557554703709406,-0.26872515413710646,-0.7129485436850859,-0.22122308828675202,ext_586,3,Normal,0
-0.8330815885897681,-0.16188090660070611,1.4026257699205102,-0.4064400074819563,ext_915,2,Normal,0
3.2082012389420247,1.2389658944320983,1.4026257699205102,3.5386803713758943,ext_838,4,Suspicious,1
-0.5444185294803544,-0.3755694016735068,-0.7129485436850859,-0.480526775160038,ext_251,1,Normal,0
-0.5444185294803544,-0.23311040495830634,-0.7129485436850859,-0.22122308828675202,ext_551,4,Normal,0
-0.8330815885897681,-0.33995465249470663,-0.7129485436850859,-0.054527861011068185,ext_993,3,Normal,0
0.03290758873847313,-0.26872515413710646,-0.7129485436850859,-0.16565801252819076,ext_778,3,Normal,0
-0.2557554703709406,-0.16188090660070611,1.4026257699205102,-0.480526775160038,ext_659,2,Normal,0
-0.5444185294803544,-0.28059673719670647,-0.7129485436850859,0.1306890581841361,ext_385,2,Normal,0
-0.2557554703709406,-0.20936723883910627,-0.7129485436850859,-0.054527861011068185,ext_806,3,Normal,0
0.32157064784788686,-0.24498198801790638,1.4026257699205102,-0.2953098559648337,ext_394,2,Normal,0
4.36285347537968,0.6810014906308964,1.4026257699205102,2.686682543077955,ext_397,4,Suspicious,1
0.03290758873847313,-0.31621148637550656,-0.7129485436850859,-0.07304955293058861,ext_771,3,Normal,0
-0.5444185294803544,-0.3518262355543067,-0.7129485436850859,-0.4249616994014767,ext_675,1,Normal,0
-0.5444185294803544,-0.15000932354110608,-0.7129485436850859,-0.6472220024357218,ext_785,1,Normal,0
0.03290758873847313,-0.3518262355543067,-0.7129485436850859,-0.7027870781942831,ext_523,2,Normal,0
0.03290758873847313,-0.20936723883910627,-0.7129485436850859,-0.3693966236429154,ext_516,3,Normal,0
-0.8330815885897681,-0.15000932354110608,-0.7129485436850859,-0.07304955293058861,ext_392,1,Normal,0
-0.5444185294803544,-0.3755694016735068,1.4026257699205102,-0.12861462868914988,ext_279,2,Normal,0
-0.2557554703709406,-0.3755694016735068,-0.7129485436850859,-0.350874931723395,ext_866,1,Normal,0
0.32157064784788686,-0.19749565577950623,1.4026257699205102,-0.5546135428381197,ext_443,4,Normal,0
-0.8330815885897681,-0.26872515413710646,-0.7129485436850859,-0.16565801252819076,ext_379,3,Normal,0
-0.2557554703709406,-0.28059673719670647,-0.7129485436850859,-0.4990484670795584,ext_835,4,Normal,0
-0.2557554703709406,-0.3636978186139067,1.4026257699205102,0.0751239824255748,ext_946,1,Normal,0
0.03290758873847313,-0.26872515413710646,-0.7129485436850859,-0.7027870781942831,ext_289,3,Normal,0
-0.2557554703709406,-0.26872515413710646,-0.7129485436850859,-0.01748447717202733,ext_492,1,Normal,0
-0.5444185294803544,-0.3755694016735068,-0.7129485436850859,-0.16565801252819076,ext_367,3,Normal,0
0.32157064784788686,-0.28059673719670647,-0.7129485436850859,0.03808059858653395,ext_263,3,Normal,0
-0.5444185294803544,-0.33995465249470663,1.4026257699205102,-0.5360918509185993,ext_476,4,Normal,0
-0.2557554703709406,-0.23311040495830634,1.4026257699205102,-0.07304955293058861,ext_865,2,Normal,0
0.32157064784788686,-0.3636978186139067,1.4026257699205102,-0.09157124485010903,ext_880,3,Normal,0
-0.8330815885897681,-0.3755694016735068,-0.7129485436850859,-0.03600616909154776,ext_179,2,Normal,0
0.32157064784788686,-0.2212388218987063,-0.7129485436850859,0.09364567434509523,ext_268,2,Normal,0
-0.8330815885897681,-0.19749565577950623,1.4026257699205102,-0.6472220024357218,ext_834,4,Normal,0
0.03290758873847313,-0.17375248966030615,-0.7129485436850859,-0.054527861011068185,ext_235,4,Normal,0
-0.8330815885897681,-0.24498198801790638,-0.7129485436850859,-0.7027870781942831,ext_788,2,Normal,0
2.9195381798326108,2.2955367867365015,1.4026257699205102,4.372156507754314,ext_692,1,Suspicious,1
-0.8330815885897681,-0.20936723883910627,-0.7129485436850859,-0.3693966236429154,ext_654,4,Normal,0
0.03290758873847313,-0.2568535710775064,1.4026257699205102,-0.18417970444771117,ext_284,4,Normal,0
4.074190416270266,5.51273579588811,1.4026257699205102,3.612767139053976,ext_484,2,Suspicious,1
-0.8330815885897681,-0.3280830694351066,1.4026257699205102,-0.09157124485010903,ext_769,2,Normal,0
-0.8330815885897681,-0.3874409847331068,-0.7129485436850859,-0.16565801252819076,ext_845,4,Normal,0
-0.5444185294803544,-0.30433990331590655,1.4026257699205102,-0.2953098559648337,ext_644,2,Normal,0
-0.8330815885897681,-0.3755694016735068,1.4026257699205102,0.01955890666701352,ext_382,1,Normal,0
-0.8330815885897681,-0.16188090660070611,-0.7129485436850859,-0.18417970444771117,ext_346,1,Normal,0
0.03290758873847313,-0.2212388218987063,-0.7129485436850859,-0.07304955293058861,ext_350,2,Normal,0
-0.8330815885897681,-0.33995465249470663,-0.7129485436850859,-0.4434833913209972,ext_872,3,Normal,0
-0.2557554703709406,-0.30433990331590655,-0.7129485436850859,-0.5360918509185993,ext_691,2,Normal,0
-0.8330815885897681,-0.1856240727199062,-0.7129485436850859,0.03808059858653395,ext_523,4,Normal,0
-0.2557554703709406,-0.15000932354110608,1.4026257699205102,-0.09157124485010903,ext_669,3,Normal,0
-0.5444185294803544,-0.28059673719670647,1.4026257699205102,-0.4990484670795584,ext_813,4,Normal,0
-0.2557554703709406,-0.33995465249470663,1.4026257699205102,-0.6472220024357218,ext_346,4,Normal,0
-0.5444185294803544,-0.24498198801790638,-0.7129485436850859,-0.4064400074819563,ext_526,2,Normal,0
0.03290758873847313,-0.2568535710775064,-0.7129485436850859,-0.07304955293058861,ext_438,2,Normal,0
0.32157064784788686,-0.16188090660070611,-0.7129485436850859,-0.6287003105162015,ext_152,2,Normal,0
0.32157064784788686,-0.31621148637550656,1.4026257699205102,-0.4620050832405176,ext_923,3,Normal,0
-0.8330815885897681,-0.31621148637550656,-0.7129485436850859,-0.5731352347576402,ext_410,4,Normal,0
-0.5444185294803544,-0.24498198801790638,-0.7129485436850859,-0.054527861011068185,ext_348,3,Normal,0
0.03290758873847313,-0.1856240727199062,-0.7129485436850859,-0.350874931723395,ext_894,3,Normal,0
0.03290758873847313,-0.2212388218987063,-0.7129485436850859,-0.14713632060867032,ext_468,3,Normal,0
0.03290758873847313,-0.3755694016735068,-0.7129485436850859,-0.5360918509185993,ext_308,1,Normal,0
0.32157064784788686,-0.17375248966030615,1.4026257699205102,-0.3693966236429154,ext_367,2,Normal,0
0.03290758873847313,-0.17375248966030615,-0.7129485436850859,-0.12861462868914988,ext_300,3,Normal,0
0.03290758873847313,-0.15000932354110608,1.4026257699205102,-0.16565801252819076,ext_363,2,Normal,0
-0.5444185294803544,-0.33995465249470663,1.4026257699205102,-0.4990484670795584,ext_850,1,Normal,0
1.4762228842855418,5.16845988715971,1.4026257699205102,4.22398297239815,ext_636,1,Suspicious,1
1.7648859433949557,5.32279046693451,1.4026257699205102,4.038766053202946,ext_882,2,Suspicious,1
-0.8330815885897681,-0.31621148637550656,1.4026257699205102,-0.2767881640453133,ext_169,1,Normal,0
0.32157064784788686,-0.20936723883910627,1.4026257699205102,-0.6842653862747627,ext_732,1,Normal,0
-0.8330815885897681,-0.3874409847331068,-0.7129485436850859,-0.07304955293058861,ext_644,3,Normal,0
0.03290758873847313,-0.3280830694351066,-0.7129485436850859,-0.5916569266771605,ext_117,2,Normal,0
0.32157064784788686,-0.29246832025630654,-0.7129485436850859,-0.3879183155624359,ext_346,4,Normal,0
0.03290758873847313,-0.2212388218987063,-0.7129485436850859,0.11216736626461565,ext_180,2,Normal,0
-0.8330815885897681,-0.15000932354110608,-0.7129485436850859,-0.610178618596681,ext_407,4,Normal,0
0.03290758873847313,-0.3755694016735068,-0.7129485436850859,0.11216736626461565,ext_488,2,Normal,0
0.03290758873847313,-0.15000932354110608,-0.7129485436850859,-0.03600616909154776,ext_184,1,Normal,0
-0.5444185294803544,-0.31621148637550656,1.4026257699205102,-0.3879183155624359,ext_640,1,Normal,0
-0.2557554703709406,-0.1856240727199062,-0.7129485436850859,-0.4990484670795584,ext_176,3,Normal,0
0.32157064784788686,-0.33995465249470663,1.4026257699205102,-0.6287003105162015,ext_116,3,Normal,0
0.32157064784788686,-0.24498198801790638,-0.7129485436850859,-0.2582664721257929,ext_266,2,Normal,0
-0.8330815885897681,-0.19749565577950623,-0.7129485436850859,-0.6472220024357218,ext_909,1,Normal,0
-0.8330815885897681,-0.26872515413710646,1.4026257699205102,-0.3323532398038746,ext_547,1,Normal,0
0.03290758873847313,-0.20936723883910627,-0.7129485436850859,-0.2953098559648337,ext_749,4,Normal,0
0.32157064784788686,-0.24498198801790638,-0.7129485436850859,0.01955890666701352,ext_542,3,Normal,0
-0.8330815885897681,-0.3636978186139067,-0.7129485436850859,-0.5360918509185993,ext_917,4,Normal,0
-0.5444185294803544,-0.24498198801790638,-0.7129485436850859,-0.2767881640453133,ext_828,1,Normal,0
2.3422120616137834,2.900987522776103,1.4026257699205102,2.7607693107560363,ext_193,3,Suspicious,1
-0.5444185294803544,-0.23311040495830634,1.4026257699205102,-0.054527861011068185,ext_204,4,Normal,0
2.6308751207231973,3.565796174113705,1.4026257699205102,1.4827725683091273,ext_205,3,Suspicious,1
-0.2557554703709406,-0.23311040495830634,1.4026257699205102,-0.610178618596681,ext_984,2,Normal,0
0.03290758873847313,-0.3280830694351066,-0.7129485436850859,-0.3879183155624359,ext_685,3,Normal,0
-0.8330815885897681,-0.3280830694351066,1.4026257699205102,-0.3879183155624359,ext_374,4,Normal,0
-0.8330815885897681,-0.2568535710775064,-0.7129485436850859,-0.4249616994014767,ext_406,4,Normal,0
0.03290758873847313,-0.3518262355543067,-0.7129485436850859,-0.350874931723395,ext_708,1,Normal,0
0.32157064784788686,-0.24498198801790638,-0.7129485436850859,-0.18417970444771117,ext_505,3,Normal,0
0.32157064784788686,-0.33995465249470663,-0.7129485436850859,-0.3323532398038746,ext_540,2,Normal,0
0.03290758873847313,-0.26872515413710646,-0.7129485436850859,0.11216736626461565,ext_590,4,Normal,0
-0.2557554703709406,-0.24498198801790638,-0.7129485436850859,-0.23974478020627246,ext_689,3,Normal,0
-0.5444185294803544,-0.17375248966030615,-0.7129485436850859,0.09364567434509523,ext_216,1,Normal,0
-0.5444185294803544,-0.2212388218987063,-0.7129485436850859,0.11216736626461565,ext_844,1,Normal,0
0.03290758873847313,-0.20936723883910627,-0.7129485436850859,0.03808059858653395,ext_938,3,Normal,0
-0.5444185294803544,-0.23311040495830634,1.4026257699205102,-0.6287003105162015,ext_347,4,Normal,0
0.03290758873847313,-0.1856240727199062,1.4026257699205102,-0.07304955293058861,ext_712,1,Normal,0
0.32157064784788686,-0.16188090660070611,-0.7129485436850859,-0.5916569266771605,ext_909,2,Normal,0
-0.5444185294803544,-0.15000932354110608,-0.7129485436850859,-0.03600616909154776,ext_773,4,Normal,0
0.03290758873847313,-0.3518262355543067,-0.7129485436850859,-0.5916569266771605,ext_870,3,Normal,0
0.32157064784788686,-0.1856240727199062,-0.7129485436850859,-0.18417970444771117,ext_327,3,Normal,0
0.32157064784788686,-0.19749565577950623,-0.7129485436850859,-0.2953098559648337,ext_500,1,Normal,0
0.03290758873847313,-0.3636978186139067,-0.7129485436850859,-0.5360918509185993,ext_594,3,Normal,0
-0.5444185294803544,-0.19749565577950623,1.4026257699205102,-0.2953098559648337,ext_419,4,Normal,0
0.03290758873847313,-0.26872515413710646,-0.7129485436850859,-0.350874931723395,ext_199,1,Normal,0
-0.8330815885897681,-0.26872515413710646,-0.7129485436850859,0.09364567434509523,ext_929,2,Normal,0
-0.5444185294803544,-0.1856240727199062,-0.7129485436850859,-0.3138315478843542,ext_858,4,Normal,0
0.03290758873847313,-0.15000932354110608,-0.7129485436850859,-0.4990484670795584,ext_573,4,Normal,0
3.785527357160852,1.4051680572664986,1.4026257699205102,3.1867682249050064,ext_505,4,Suspicious,1
2.0535490025043694,1.452654389504899,1.4026257699205102,2.3718137804461077,ext_498,1,Suspicious,1
0.32157064784788686,-0.3280830694351066,-0.7129485436850859,-0.3323532398038746,ext_691,2,Normal,0
0.03290758873847313,-0.19749565577950623,-0.7129485436850859,0.0010372147474930955,ext_568,4,Normal,0
-0.8330815885897681,-0.2568535710775064,-0.7129485436850859,-0.16565801252819076,ext_725,2,Normal,0
-0.2557554703709406,-0.16188090660070611,-0.7129485436850859,0.09364567434509523,ext_933,2,Normal,0
-0.2557554703709406,-0.3518262355543067,-0.7129485436850859,-0.2767881640453133,ext_420,2,Normal,0
0.32157064784788686,-0.33995465249470663,1.4026257699205102,-0.2027013963672316,ext_623,2,Normal,0
-0.5444185294803544,-0.1856240727199062,-0.7129485436850859,-0.12861462868914988,ext_598,3,Normal,0
0.03290758873847313,-0.16188090660070611,-0.7129485436850859,-0.2953098559648337,ext_243,1,Normal,0
0.03290758873847313,-0.1856240727199062,1.4026257699205102,-0.22122308828675202,ext_596,4,Normal,0
0.03290758873847313,-0.20936723883910627,-0.7129485436850859,-0.610178618596681,ext_525,1,Normal,0
-0.2557554703709406,-0.3755694016735068,-0.7129485436850859,-0.4434833913209972,ext_914,3,Normal,0
0.32157064784788686,-0.20936723883910627,-0.7129485436850859,-0.03600616909154776,ext_272,1,Normal,0
-0.2557554703709406,-0.1856240727199062,-0.7129485436850859,-0.18417970444771117,ext_374,2,Normal,0
-0.5444185294803544,-0.28059673719670647,-0.7129485436850859,-0.18417970444771117,ext_535,3,Normal,0
-0.8330815885897681,-0.2212388218987063,-0.7129485436850859,-0.4249616994014767,ext_456,2,Normal,0
-0.2557554703709406,-0.16188090660070611,1.4026257699205102,-0.5175701589990789,ext_930,2,Normal,0
-0.5444185294803544,-0.3755694016735068,-0.7129485436850859,-0.07304955293058861,ext_903,3,Normal,0
-0.2557554703709406,-0.28059673719670647,-0.7129485436850859,-0.03600616909154776,ext_711,3,Normal,0
-0.8330815885897681,-0.33995465249470663,1.4026257699205102,-0.6472220024357218,ext_978,3,Normal,0
-0.5444185294803544,-0.30433990331590655,-0.7129485436850859,0.1306890581841361,ext_987,3,Normal,0
0.03290758873847313,-0.20936723883910627,-0.7129485436850859,-0.03600616909154776,ext_948,3,Normal,0
0.03290758873847313,-0.3636978186139067,-0.7129485436850859,-0.23974478020627246,ext_742,3,Normal,0
-0.2557554703709406,-0.2212388218987063,1.4026257699205102,-0.3323532398038746,ext_811,1,Normal,0
-0.8330815885897681,-0.2212388218987063,-0.7129485436850859,-0.6287003105162015,ext_989,4,Normal,0
-0.5444185294803544,-0.20936723883910627,-0.7129485436850859,-0.3323532398038746,ext_323,3,Normal,0
-0.5444185294803544,-0.17375248966030615,1.4026257699205102,-0.3138315478843542,ext_445,1,Normal,0
4.651516534489094,5.28717571775571,1.4026257699205102,3.223811608744047,ext_147,1,Suspicious,1
-0.5444185294803544,-0.2212388218987063,1.4026257699205102,-0.7027870781942831,ext_227,4,Normal,0
-0.5444185294803544,-0.15000932354110608,-0.7129485436850859,-0.5175701589990789,ext_307,3,Normal,0
-0.2557554703709406,-0.3636978186139067,-0.7129485436850859,0.0751239824255748,ext_195,2,Normal,0
-0.2557554703709406,-0.30433990331590655,1.4026257699205102,0.05660229050605438,ext_153,1,Normal,0
2.0535490025043694,3.1028044347893036,1.4026257699205102,1.4086858006310456,ext_820,2,Suspicious,1
0.03290758873847313,-0.3874409847331068,-0.7129485436850859,0.11216736626461565,ext_707,3,Normal,0
0.03290758873847313,-0.33995465249470663,1.4026257699205102,-0.6287003105162015,ext_936,2,Normal,0
4.651516534489094,0.8234604873460969,1.4026257699205102,1.5383376440676886,ext_492,3,Suspicious,1
-0.5444185294803544,-0.24498198801790638,-0.7129485436850859,0.05660229050605438,ext_476,2,Normal,0
-0.8330815885897681,-0.16188090660070611,-0.7129485436850859,-0.18417970444771117,ext_170,3,Normal,0
-0.5444185294803544,-0.23311040495830634,1.4026257699205102,-0.4620050832405176,ext_839,1,Normal,0
-0.8330815885897681,-0.17375248966030615,1.4026257699205102,-0.2953098559648337,ext_202,4,Normal,0
-0.5444185294803544,-0.29246832025630654,-0.7129485436850859,-0.4249616994014767,ext_422,3,Normal,0
-0.8330815885897681,-0.28059673719670647,-0.7129485436850859,-0.09157124485010903,ext_897,2,Normal,0
-0.8330815885897681,-0.30433990331590655,1.4026257699205102,-0.2582664721257929,ext_865,1,Normal,0
0.32157064784788686,-0.3636978186139067,-0.7129485436850859,-0.2767881640453133,ext_346,3,Normal,0
0.32157064784788686,-0.23311040495830634,-0.7129485436850859,-0.07304955293058861,ext_235,2,Normal,0
-0.8330815885897681,-0.3874409847331068,-0.7129485436850859,-0.7027870781942831,ext_881,3,Normal,0
1.1875598251761281,5.002257724325309,1.4026257699205102,2.92746453803172,ext_320,3,Suspicious,1
0.03290758873847313,-0.23311040495830634,1.4026257699205102,-0.610178618596681,ext_743,2,Normal,0
1.4762228842855418,3.304621346802504,1.4026257699205102,2.01990163397522,ext_384,2,Suspicious,1
0.32157064784788686,-0.15000932354110608,-0.7129485436850859,-0.350874931723395,ext_649,4,Normal,0
-0.5444185294803544,-0.3755694016735068,-0.7129485436850859,-0.610178618596681,ext_847,4,Normal,0
0.32157064784788686,-0.3755694016735068,-0.7129485436850859,0.0751239824255748,ext_218,2,Normal,0
1.7648859433949557,4.4680364866433075,1.4026257699205102,1.0938170379991983,ext_222,2,Suspicious,1
0.32157064784788686,-0.19749565577950623,-0.7129485436850859,-0.5175701589990789,ext_608,3,Normal,0
-0.2557554703709406,-0.3518262355543067,-0.7129485436850859,-0.3138315478843542,ext_229,4,Normal,0
-0.2557554703709406,-0.17375248966030615,-0.7129485436850859,-0.12861462868914988,ext_378,4,Normal,0
0.03290758873847313,-0.17375248966030615,-0.7129485436850859,-0.2767881640453133,ext_623,2,Normal,0
0.32157064784788686,-0.3518262355543067,-0.7129485436850859,-0.11009293676962947,ext_361,1,Normal,0
-0.8330815885897681,-0.30433990331590655,-0.7129485436850859,-0.14713632060867032,ext_145,3,Normal,0
-0.5444185294803544,-0.3755694016735068,1.4026257699205102,-0.4434833913209972,ext_492,3,Normal,0
-0.2557554703709406,-0.29246832025630654,-0.7129485436850859,-0.03600616909154776,ext_354,3,Normal,0
-0.8330815885897681,-0.3280830694351066,-0.7129485436850859,-0.09157124485010903,ext_222,1,Normal,0
3.2082012389420247,5.465249463649711,1.4026257699205102,2.390335472365628,ext_510,3,Suspicious,1
3.2082012389420247,0.2536245004852951,1.4026257699205102,2.7978126945950774,ext_435,2,Suspicious,1
-0.2557554703709406,-0.16188090660070611,-0.7129485436850859,-0.16565801252819076,ext_398,3,Normal,0
-0.5444185294803544,-0.1856240727199062,-0.7129485436850859,-0.5360918509185993,ext_705,1,Normal,0
3.4968642980514386,2.3074083697961014,1.4026257699205102,4.0572877451224665,ext_519,1,Suspicious,1
4.074190416270266,2.485482115690102,1.4026257699205102,4.538851735029997,ext_443,3,Suspicious,1
-0.5444185294803544,-0.23311040495830634,1.4026257699205102,-0.6472220024357218,ext_206,2,Normal,0
-0.8330815885897681,-0.30433990331590655,1.4026257699205102,0.11216736626461565,ext_828,3,Normal,0
-0.8330815885897681,-0.17375248966030615,-0.7129485436850859,-0.11009293676962947,ext_569,2,Normal,0
-0.8330815885897681,-0.17375248966030615,-0.7129485436850859,-0.2027013963672316,ext_752,2,Normal,0
-0.2557554703709406,-0.24498198801790638,-0.7129485436850859,-0.3323532398038746,ext_342,4,Normal,0
-0.5444185294803544,-0.33995465249470663,-0.7129485436850859,-0.5360918509185993,ext_378,1,Normal,0
-0.2557554703709406,-0.23311040495830634,-0.7129485436850859,-0.07304955293058861,ext_268,3,Normal,0
-0.2557554703709406,-0.2212388218987063,-0.7129485436850859,-0.5731352347576402,ext_888,1,Normal,0
-0.2557554703709406,-0.16188090660070611,-0.7129485436850859,-0.4620050832405176,ext_261,3,Normal,0
2.0535490025043694,2.3667662850941014,1.4026257699205102,2.92746453803172,ext_251,1,Suspicious,1
-0.5444185294803544,-0.3874409847331068,1.4026257699205102,-0.18417970444771117,ext_793,2,Normal,0
-0.5444185294803544,-0.3518262355543067,-0.7129485436850859,-0.6472220024357218,ext_196,2,Normal,0
0.03290758873847313,-0.2568535710775064,-0.7129485436850859,-0.01748447717202733,ext_233,3,Normal,0
1.4762228842855418,1.4051680572664986,1.4026257699205102,4.112852820881027,ext_932,4,Suspicious,1
-0.2557554703709406,-0.3518262355543067,-0.7129485436850859,-0.16565801252819076,ext_928,1,Normal,0
0.03290758873847313,-0.24498198801790638,1.4026257699205102,-0.6842653862747627,ext_272,4,Normal,0
-0.2557554703709406,-0.31621148637550656,-0.7129485436850859,-0.3879183155624359,ext_799,3,Normal,0
-0.8330815885897681,-0.16188090660070611,-0.7129485436850859,0.05660229050605438,ext_556,3,Normal,0
0.32157064784788686,-0.20936723883910627,-0.7129485436850859,-0.610178618596681,ext_610,3,Normal,0
-0.5444185294803544,-0.15000932354110608,-0.7129485436850859,0.03808059858653395,ext_492,1,Normal,0
-0.2557554703709406,-0.20936723883910627,1.4026257699205102,-0.2953098559648337,ext_491,3,Normal,0
-0.8330815885897681,-0.26872515413710646,-0.7129485436850859,-0.6842653862747627,ext_497,3,Normal,0
0.03290758873847313,-0.19749565577950623,-0.7129485436850859,-0.01748447717202733,ext_159,2,Normal,0
-0.5444185294803544,-0.29246832025630654,-0.7129485436850859,-0.4434833913209972,ext_263,4,Normal,0
-0.5444185294803544,-0.3280830694351066,-0.7129485436850859,-0.01748447717202733,ext_463,3,Normal,0
-0.2557554703709406,-0.17375248966030615,-0.7129485436850859,0.1306890581841361,ext_925,3,Normal,0
0.32157064784788686,-0.31621148637550656,1.4026257699205102,-0.07304955293058861,ext_681,3,Normal,0
-0.8330815885897681,-0.3755694016735068,-0.7129485436850859,0.0010372147474930955,ext_279,2,Normal,0
-0.8330815885897681,-0.26872515413710646,-0.7129485436850859,-0.5546135428381197,ext_120,3,Normal,0
-0.2557554703709406,-0.3755694016735068,-0.7129485436850859,-0.5360918509185993,ext_834,2,Normal,0
0.32157064784788686,-0.2568535710775064,-0.7129485436850859,-0.2767881640453133,ext_892,4,Normal,0
-0.2557554703709406,-0.26872515413710646,-0.7129485436850859,-0.5175701589990789,ext_700,4,Normal,0
0.03290758873847313,-0.15000932354110608,-0.7129485436850859,-0.4990484670795584,ext_910,3,Normal,0
-0.5444185294803544,-0.24498198801790638,-0.7129485436850859,0.11216736626461565,ext_328,3,Normal,0
-0.8330815885897681,-0.17375248966030615,1.4026257699205102,-0.03600616909154776,ext_230,1,Normal,0
0.32157064784788686,-0.30433990331590655,-0.7129485436850859,-0.12861462868914988,ext_286,2,Normal,0
-0.5444185294803544,-0.2568535710775064,-0.7129485436850859,-0.5175701589990789,ext_439,1,Normal,0
-0.2557554703709406,-0.2212388218987063,-0.7129485436850859,-0.4064400074819563,ext_941,2,Normal,0
-0.2557554703709406,-0.29246832025630654,-0.7129485436850859,-0.7027870781942831,ext_355,1,Normal,0
0.03290758873847313,-0.3280830694351066,1.4026257699205102,-0.12861462868914988,ext_495,4,Normal,0
-0.8330815885897681,-0.20936723883910627,-0.7129485436850859,-0.5175701589990789,ext_459,4,Normal,0
-0.8330815885897681,-0.28059673719670647,-0.7129485436850859,-0.3323532398038746,ext_175,3,Normal,0
1.7648859433949557,2.485482115690102,1.4026257699205102,1.816163022860495,ext_207,1,Suspicious,1
-0.8330815885897681,-0.26872515413710646,1.4026257699205102,0.1306890581841361,ext_660,1,Normal,0
-0.5444185294803544,-0.16188090660070611,1.4026257699205102,-0.5175701589990789,ext_541,1,Normal,0
-0.5444185294803544,-0.23311040495830634,-0.7129485436850859,0.0751239824255748,ext_203,3,Normal,0
-0.8330815885897681,-0.24498198801790638,1.4026257699205102,-0.5360918509185993,ext_404,1,Normal,0
1.4762228842855418,1.9868756271869004,1.4026257699205102,4.18693958855911,ext_469,4,Suspicious,1
2.0535490025043694,1.2389658944320983,1.4026257699205102,4.075809437041987,ext_304,3,Suspicious,1
-0.8330815885897681,-0.28059673719670647,1.4026257699205102,-0.14713632060867032,ext_183,4,Normal,0
0.32157064784788686,-0.24498198801790638,-0.7129485436850859,-0.2767881640453133,ext_776,4,Normal,0
-0.8330815885897681,-0.29246832025630654,1.4026257699205102,-0.16565801252819076,ext_478,3,Normal,0
0.32157064784788686,-0.3755694016735068,-0.7129485436850859,0.11216736626461565,ext_331,1,Normal,0
0.32157064784788686,-0.23311040495830634,-0.7129485436850859,-0.054527861011068185,ext_187,1,Normal,0
0.32157064784788686,-0.23311040495830634,1.4026257699205102,-0.03600616909154776,ext_960,2,Normal,0
0.03290758873847313,-0.3755694016735068,-0.7129485436850859,-0.5731352347576402,ext_587,4,Normal,0
-0.5444185294803544,-0.31621148637550656,-0.7129485436850859,-0.5546135428381197,ext_277,1,Normal,0
4.074190416270266,2.841629607478103,1.4026257699205102,2.0013799420556992,ext_533,2,Suspicious,1
-0.2557554703709406,-0.3636978186139067,-0.7129485436850859,-0.2582664721257929,ext_954,4,Normal,0
-0.2557554703709406,-0.19749565577950623,1.4026257699205102,-0.7027870781942831,ext_665,4,Normal,0
-0.5444185294803544,-0.17375248966030615,-0.7129485436850859,-0.5916569266771605,ext_215,1,Normal,0
0.32157064784788686,-0.2568535710775064,1.4026257699205102,-0.4064400074819563,ext_904,4,Normal,0
0.32157064784788686,-0.20936723883910627,-0.7129485436850859,-0.4990484670795584,ext_770,3,Normal,0
0.32157064784788686,-0.24498198801790638,-0.7129485436850859,-0.23974478020627246,ext_512,3,Normal,0
0.03290758873847313,-0.29246832025630654,-0.7129485436850859,-0.6842653862747627,ext_807,3,Normal,0
-0.2557554703709406,-0.29246832025630654,1.4026257699205102,0.11216736626461565,ext_937,1,Normal,0
-0.2557554703709406,-0.2212388218987063,-0.7129485436850859,-0.3879183155624359,ext_989,4,Normal,0
-0.5444185294803544,-0.2212388218987063,-0.7129485436850859,-0.22122308828675202,ext_719,4,Normal,0
-0.2557554703709406,-0.3755694016735068,-0.7129485436850859,-0.6287003105162015,ext_877,3,Normal,0
-0.5444185294803544,-0.19749565577950623,-0.7129485436850859,-0.4990484670795584,ext_826,2,Normal,0
-0.8330815885897681,-0.30433990331590655,-0.7129485436850859,-0.16565801252819076,ext_996,1,Normal,0
-0.2557554703709406,-0.2568535710775064,1.4026257699205102,-0.11009293676962947,ext_469,4,Normal,0
-0.8330815885897681,-0.30433990331590655,-0.7129485436850859,-0.12861462868914988,ext_750,4,Normal,0
0.03290758873847313,-0.17375248966030615,-0.7129485436850859,-0.2953098559648337,ext_281,2,Normal,0
-0.8330815885897681,-0.28059673719670647,-0.7129485436850859,-0.2582664721257929,ext_957,1,Normal,0
-0.5444185294803544,-0.30433990331590655,-0.7129485436850859,0.09364567434509523,ext_266,2,Normal,0
0.32157064784788686,-0.3874409847331068,-0.7129485436850859,-0.14713632060867032,ext_375,2,Normal,0
-0.8330815885897681,-0.30433990331590655,-0.7129485436850859,0.0010372147474930955,ext_762,3,Normal,0
-0.2557554703709406,-0.23311040495830634,1.4026257699205102,-0.2953098559648337,ext_829,4,Normal,0
-0.2557554703709406,-0.19749565577950623,1.4026257699205102,-0.01748447717202733,ext_358,1,Normal,0
-0.2557554703709406,-0.1856240727199062,-0.7129485436850859,-0.350874931723395,ext_107,1,Normal,0
2.3422120616137834,4.088145828736106,1.4026257699205102,2.594074083480353,ext_593,3,Suspicious,1
-0.2557554703709406,-0.31621148637550656,-0.7129485436850859,-0.09157124485010903,ext_367,2,Normal,0
0.32157064784788686,-0.24498198801790638,-0.7129485436850859,0.09364567434509523,ext_158,2,Normal,0
3.2082012389420247,1.9987472102465005,1.4026257699205102,2.2792053208485057,ext_838,4,Suspicious,1
-0.8330815885897681,-0.17375248966030615,-0.7129485436850859,-0.3138315478843542,ext_514,2,Normal,0
0.03290758873847313,-0.2568535710775064,-0.7129485436850859,-0.5175701589990789,ext_802,2,Normal,0
1.7648859433949557,4.705468147835308,1.4026257699205102,2.2792053208485057,ext_400,2,Suspicious,1
-0.8330815885897681,-0.30433990331590655,-0.7129485436850859,-0.4434833913209972,ext_796,3,Normal,0
-0.2557554703709406,-0.2568535710775064,-0.7129485436850859,-0.01748447717202733,ext_530,3,Normal,0
0.03290758873847313,-0.3755694016735068,-0.7129485436850859,-0.14713632060867032,ext_574,2,Normal,0
0.03290758873847313,-0.19749565577950623,-0.7129485436850859,-0.22122308828675202,ext_612,1,Normal,0
-0.5444185294803544,-0.31621148637550656,-0.7129485436850859,-0.22122308828675202,ext_991,4,Normal,0
-0.5444185294803544,-0.3636978186139067,1.4026257699205102,-0.3138315478843542,ext_246,2,Normal,0
-0.8330815885897681,-0.2212388218987063,-0.7129485436850859,-0.4620050832405176,ext_420,2,Normal,0
0.03290758873847313,-0.3636978186139067,-0.7129485436850859,0.01955890666701352,ext_690,4,Normal,0
0.03290758873847313,-0.20936723883910627,1.4026257699205102,-0.7027870781942831,ext_748,1,Normal,0
-0.2557554703709406,-0.3874409847331068,-0.7129485436850859,-0.09157124485010903,ext_646,2,Normal,0
-0.5444185294803544,-0.30433990331590655,-0.7129485436850859,-0.350874931723395,ext_118,2,Normal,0
0.32157064784788686,-0.28059673719670647,-0.7129485436850859,-0.6287003105162015,ext_205,1,Normal,0
0.03290758873847313,-0.19749565577950623,-0.7129485436850859,-0.2027013963672316,ext_405,2,Normal,0
0.03290758873847313,-0.2568535710775064,-0.7129485436850859,-0.5175701589990789,ext_450,4,Normal,0
-0.5444185294803544,-0.31621148637550656,-0.7129485436850859,-0.01748447717202733,ext_119,2,Normal,0
-0.8330815885897681,-0.24498198801790638,-0.7129485436850859,-0.07304955293058861,ext_226,1,Normal,0
-0.8330815885897681,-0.15000932354110608,-0.7129485436850859,-0.6472220024357218,ext_708,1,Normal,0
-0.8330815885897681,-0.1856240727199062,-0.7129485436850859,-0.14713632060867032,ext_526,2,Normal,0
-0.8330815885897681,-0.28059673719670647,1.4026257699205102,0.0751239824255748,ext_310,1,Normal,0
0.32157064784788686,-0.16188090660070611,-0.7129485436850859,-0.22122308828675202,ext_778,1,Normal,0
-0.8330815885897681,-0.28059673719670647,-0.7129485436850859,-0.5916569266771605,ext_623,4,Normal,0
-0.2557554703709406,-0.19749565577950623,-0.7129485436850859,-0.2953098559648337,ext_303,4,Normal,0
0.32157064784788686,-0.20936723883910627,-0.7129485436850859,0.11216736626461565,ext_402,4,Normal,0
-0.8330815885897681,-0.3636978186139067,-0.7129485436850859,-0.03600616909154776,ext_438,4,Normal,0
0.32157064784788686,-0.3636978186139067,-0.7129485436850859,-0.4064400074819563,ext_252,2,Normal,0
-0.2557554703709406,-0.29246832025630654,1.4026257699205102,-0.6472220024357218,ext_567,1,Normal,0
-0.8330815885897681,-0.28059673719670647,-0.7129485436850859,0.09364567434509523,ext_932,3,Normal,0
-0.8330815885897681,-0.3755694016735068,-0.7129485436850859,-0.5546135428381197,ext_536,2,Normal,0
0.03290758873847313,-0.16188090660070611,-0.7129485436850859,-0.610178618596681,ext_436,3,Normal,0
-0.8330815885897681,-0.24498198801790638,1.4026257699205102,-0.16565801252819076,ext_934,3,Normal,0
0.03290758873847313,-0.23311040495830634,-0.7129485436850859,-0.5731352347576402,ext_955,2,Normal,0
-0.5444185294803544,-0.3518262355543067,1.4026257699205102,-0.01748447717202733,ext_812,4,Normal,0
0.03290758873847313,-0.3280830694351066,1.4026257699205102,-0.2953098559648337,ext_921,1,Normal,0
-0.5444185294803544,-0.20936723883910627,1.4026257699205102,-0.5731352347576402,ext_983,4,Normal,0
2.3422120616137834,4.183118493212906,1.4026257699205102,2.5385090077217916,ext_551,1,Suspicious,1
0.32157064784788686,-0.17375248966030615,-0.7129485436850859,0.0751239824255748,ext_821,3,Normal,0
0.32157064784788686,-0.3518262355543067,1.4026257699205102,0.0751239824255748,ext_631,2,Normal,0
0.03290758873847313,-0.33995465249470663,-0.7129485436850859,-0.7027870781942831,ext_593,2,Normal,0
0.03290758873847313,-0.3280830694351066,-0.7129485436850859,-0.12861462868914988,ext_617,3,Normal,0
-0.2557554703709406,-0.3755694016735068,-0.7129485436850859,-0.054527861011068185,ext_346,4,Normal,0
-0.8330815885897681,-0.2212388218987063,1.4026257699205102,-0.03600616909154776,ext_512,4,Normal,0
0.03290758873847313,-0.26872515413710646,-0.7129485436850859,-0.12861462868914988,ext_190,1,Normal,0
-0.8330815885897681,-0.1856240727199062,-0.7129485436850859,-0.610178618596681,ext_205,3,Normal,0
0.03290758873847313,-0.26872515413710646,-0.7129485436850859,-0.6472220024357218,ext_620,2,Normal,0
0.32157064784788686,-0.16188090660070611,1.4026257699205102,0.1306890581841361,ext_964,3,Normal,0
-0.8330815885897681,-0.30433990331590655,-0.7129485436850859,-0.3138315478843542,ext_833,3,Normal,0
-0.2557554703709406,-0.1856240727199062,-0.7129485436850859,0.11216736626461565,ext_949,1,Normal,0
0.03290758873847313,-0.33995465249470663,1.4026257699205102,-0.5916569266771605,ext_146,3,Normal,0
-0.8330815885897681,-0.24498198801790638,-0.7129485436850859,-0.16565801252819076,ext_725,2,Normal,0
0.03290758873847313,-0.3755694016735068,-0.7129485436850859,-0.18417970444771117,ext_833,4,Normal,0
0.32157064784788686,-0.33995465249470663,1.4026257699205102,-0.7027870781942831,ext_774,1,Normal,0
0.32157064784788686,-0.20936723883910627,-0.7129485436850859,0.11216736626461565,ext_666,2,Normal,0
-0.8330815885897681,-0.24498198801790638,-0.7129485436850859,-0.11009293676962947,ext_848,4,Normal,0
-0.5444185294803544,-0.29246832025630654,1.4026257699205102,-0.3138315478843542,ext_528,3,Normal,0
-0.5444185294803544,-0.23311040495830634,-0.7129485436850859,0.11216736626461565,ext_563,3,Normal,0
0.32157064784788686,-0.15000932354110608,-0.7129485436850859,-0.480526775160038,ext_828,2,Normal,0
-0.2557554703709406,-0.33995465249470663,-0.7129485436850859,-0.11009293676962947,ext_739,3,Normal,0
-0.2557554703709406,-0.1856240727199062,1.4026257699205102,-0.01748447717202733,ext_827,4,Normal,0
0.32157064784788686,-0.28059673719670647,1.4026257699205102,-0.7027870781942831,ext_790,1,Normal,0
-0.8330815885897681,-0.3755694016735068,-0.7129485436850859,-0.3879183155624359,ext_125,2,Normal,0
-0.5444185294803544,-0.3755694016735068,-0.7129485436850859,-0.4620050832405176,ext_393,1,Normal,0
-0.8330815885897681,-0.16188090660070611,-0.7129485436850859,0.05660229050605438,ext_467,4,Normal,0
-0.2557554703709406,-0.3755694016735068,1.4026257699205102,-0.2582664721257929,ext_343,4,Normal,0
-0.2557554703709406,-0.1856240727199062,-0.7129485436850859,-0.7027870781942831,ext_907,3,Normal,0
0.03290758873847313,-0.30433990331590655,-0.7129485436850859,-0.01748447717202733,ext_307,2,Normal,0
-0.5444185294803544,-0.28059673719670647,1.4026257699205102,-0.4990484670795584,ext_894,1,Normal,0
0.32157064784788686,-0.3518262355543067,1.4026257699205102,-0.6657436943552423,ext_291,4,Normal,0
-0.5444185294803544,-0.3280830694351066,-0.7129485436850859,-0.7027870781942831,ext_385,3,Normal,0
-0.5444185294803544,-0.3755694016735068,-0.7129485436850859,-0.3323532398038746,ext_577,1,Normal,0
0.32157064784788686,-0.28059673719670647,1.4026257699205102,-0.03600616909154776,ext_892,3,Normal,0
-0.2557554703709406,-0.19749565577950623,-0.7129485436850859,-0.4990484670795584,ext_174,1,Normal,0
0.03290758873847313,-0.1856240727199062,1.4026257699205102,-0.610178618596681,ext_905,3,Normal,0
-0.2557554703709406,-0.26872515413710646,-0.7129485436850859,-0.3693966236429154,ext_326,2,Normal,0
0.03290758873847313,-0.1856240727199062,-0.7129485436850859,-0.5731352347576402,ext_870,3,Normal,0
0.32157064784788686,-0.16188090660070611,-0.7129485436850859,-0.6657436943552423,ext_556,3,Normal,0
-0.8330815885897681,-0.24498198801790638,-0.7129485436850859,-0.07304955293058861,ext_490,3,Normal,0
-0.2557554703709406,-0.19749565577950623,1.4026257699205102,-0.12861462868914988,ext_125,1,Normal,0
-0.5444185294803544,-0.26872515413710646,-0.7129485436850859,-0.5916569266771605,ext_403,2,Normal,0
-0.8330815885897681,-0.15000932354110608,-0.7129485436850859,-0.4620050832405176,ext_891,2,Normal,0
-0.8330815885897681,-0.31621148637550656,1.4026257699205102,0.05660229050605438,ext_985,1,Normal,0
-0.8330815885897681,-0.2212388218987063,-0.7129485436850859,-0.6657436943552423,ext_864,1,Normal,0
4.651516534489094,1.7257007998756997,1.4026257699205102,3.686853906732058,ext_175,1,Suspicious,1
-0.2557554703709406,-0.23311040495830634,1.4026257699205102,-0.18417970444771117,ext_688,4,Normal,0
0.03290758873847313,-0.3518262355543067,-0.7129485436850859,0.05660229050605438,ext_543,1,Normal,0
-0.8330815885897681,-0.3636978186139067,-0.7129485436850859,-0.11009293676962947,ext_874,1,Normal,0
-0.2557554703709406,-0.16188090660070611,-0.7129485436850859,-0.3693966236429154,ext_396,4,Normal,0
-0.8330815885897681,-0.20936723883910627,-0.7129485436850859,-0.07304955293058861,ext_490,2,Normal,0
0.32157064784788686,-0.28059673719670647,-0.7129485436850859,-0.350874931723395,ext_239,3,Normal,0
0.32157064784788686,-0.33995465249470663,-0.7129485436850859,-0.6657436943552423,ext_111,1,Normal,0
0.32157064784788686,-0.1856240727199062,-0.7129485436850859,-0.350874931723395,ext_686,2,Normal,0
-0.2557554703709406,-0.31621148637550656,1.4026257699205102,0.05660229050605438,ext_866,2,Normal,0
0.32157064784788686,-0.29246832025630654,-0.7129485436850859,-0.5731352347576402,ext_264,2,Normal,0
-0.8330815885897681,-0.1856240727199062,1.4026257699205102,0.05660229050605438,ext_787,1,Normal,0
-0.2557554703709406,-0.3518262355543067,-0.7129485436850859,-0.01748447717202733,ext_397,4,Normal,0
-0.5444185294803544,-0.3518262355543067,-0.7129485436850859,0.01955890666701352,ext_438,1,Normal,0
0.03290758873847313,-0.26872515413710646,-0.7129485436850859,0.11216736626461565,ext_298,2,Normal,0
-0.2557554703709406,-0.23311040495830634,-0.7129485436850859,-0.7027870781942831,ext_679,3,Normal,0
0.03290758873847313,-0.29246832025630654,-0.7129485436850859,-0.5546135428381197,ext_352,3,Normal,0
0.03290758873847313,-0.2568535710775064,-0.7129485436850859,-0.12861462868914988,ext_998,1,Normal,0
-0.8330815885897681,-0.29246832025630654,-0.7129485436850859,-0.07304955293058861,ext_279,2,Normal,0
-0.8330815885897681,-0.3636978186139067,-0.7129485436850859,-0.11009293676962947,ext_369,1,Normal,0
0.03290758873847313,-0.17375248966030615,-0.7129485436850859,-0.6657436943552423,ext_932,3,Normal,0
0.32157064784788686,-0.20936723883910627,-0.7129485436850859,-0.2767881640453133,ext_656,4,Normal,0
0.32157064784788686,-0.28059673719670647,-0.7129485436850859,-0.16565801252819076,ext_328,1,Normal,0
-0.8330815885897681,-0.30433990331590655,-0.7129485436850859,-0.11009293676962947,ext_506,2,Normal,0
0.32157064784788686,-0.17375248966030615,-0.7129485436850859,-0.14713632060867032,ext_556,3,Normal,0
0.03290758873847313,-0.30433990331590655,-0.7129485436850859,-0.4064400074819563,ext_141,3,Normal,0
2.0535490025043694,3.352107679040904,1.4026257699205102,2.7607693107560363,ext_339,4,Suspicious,1
-0.8330815885897681,-0.3755694016735068,-0.7129485436850859,-0.5916569266771605,ext_580,3,Normal,0
0.32157064784788686,-0.1856240727199062,-0.7129485436850859,-0.2582664721257929,ext_954,4,Normal,0
-0.8330815885897681,-0.19749565577950623,-0.7129485436850859,-0.2582664721257929,ext_474,2,Normal,0
-0.2557554703709406,-0.20936723883910627,1.4026257699205102,0.0010372147474930955,ext_628,1,Normal,0
0.03290758873847313,-0.3280830694351066,-0.7129485436850859,-0.6287003105162015,ext_613,3,Normal,0
-0.5444185294803544,-0.2568535710775064,-0.7129485436850859,0.0751239824255748,ext_316,2,Normal,0
-0.8330815885897681,-0.20936723883910627,1.4026257699205102,-0.14713632060867032,ext_524,2,Normal,0
0.03290758873847313,-0.3874409847331068,-0.7129485436850859,-0.6657436943552423,ext_704,2,Normal,0
-0.5444185294803544,-0.15000932354110608,-0.7129485436850859,-0.03600616909154776,ext_687,2,Normal,0
-0.5444185294803544,-0.19749565577950623,1.4026257699205102,0.0010372147474930955,ext_157,1,Normal,0
-0.2557554703709406,-0.3636978186139067,-0.7129485436850859,-0.18417970444771117,ext_999,4,Normal,0
-0.5444185294803544,-0.23311040495830634,-0.7129485436850859,-0.01748447717202733,ext_988,2,Normal,0
-0.2557554703709406,-0.3280830694351066,-0.7129485436850859,-0.16565801252819076,ext_738,1,Normal,0
-0.5444185294803544,-0.3518262355543067,-0.7129485436850859,-0.480526775160038,ext_335,4,Normal,0
-0.8330815885897681,-0.3280830694351066,1.4026257699205102,0.01955890666701352,ext_946,1,Normal,0
0.32157064784788686,-0.3518262355543067,-0.7129485436850859,-0.14713632060867032,ext_998,2,Normal,0
-0.8330815885897681,-0.15000932354110608,1.4026257699205102,-0.09157124485010903,ext_717,4,Normal,0
0.32157064784788686,-0.23311040495830634,-0.7129485436850859,-0.14713632060867032,ext_479,4,Normal,0
0.32157064784788686,-0.3518262355543067,1.4026257699205102,-0.5546135428381197,ext_458,3,Normal,0
-0.8330815885897681,-0.28059673719670647,1.4026257699205102,-0.4064400074819563,ext_588,2,Normal,0
-0.8330815885897681,-0.17375248966030615,-0.7129485436850859,-0.09157124485010903,ext_105,1,Normal,0
-0.2557554703709406,-0.23311040495830634,-0.7129485436850859,-0.5916569266771605,ext_484,2,Normal,0
-0.2557554703709406,-0.29246832025630654,1.4026257699205102,-0.03600616909154776,ext_536,3,Normal,0
0.03290758873847313,-0.31621148637550656,1.4026257699205102,-0.054527861011068185,ext_726,4,Normal,0
0.32157064784788686,-0.20936723883910627,-0.7129485436850859,-0.350874931723395,ext_283,3,Normal,0
-0.5444185294803544,-0.3518262355543067,-0.7129485436850859,-0.18417970444771117,ext_892,2,Normal,0
0.03290758873847313,-0.26872515413710646,-0.7129485436850859,-0.5175701589990789,ext_202,4,Normal,0
1.4762228842855418,5.20407463633851,1.4026257699205102,1.7420762551824132,ext_751,4,Suspicious,1
-0.8330815885897681,-0.29246832025630654,-0.7129485436850859,-0.2767881640453133,ext_714,1,Normal,0
2.9195381798326108,2.6398126954649026,1.4026257699205102,3.964679285524864,ext_723,3,Suspicious,1
-0.8330815885897681,-0.3280830694351066,1.4026257699205102,-0.18417970444771117,ext_828,1,Normal,0
0.32157064784788686,-0.28059673719670647,-0.7129485436850859,-0.6657436943552423,ext_306,2,Normal,0
-0.8330815885897681,-0.2568535710775064,-0.7129485436850859,0.05660229050605438,ext_729,1,Normal,0
2.3422120616137834,4.942899809027309,1.4026257699205102,2.9459862299512407,ext_261,3,Suspicious,1
0.32157064784788686,-0.31621148637550656,-0.7129485436850859,0.1306890581841361,ext_785,1,Normal,0
0.32157064784788686,-0.17375248966030615,-0.7129485436850859,-0.2953098559648337,ext_192,3,Normal,0
-0.5444185294803544,-0.2212388218987063,1.4026257699205102,-0.03600616909154776,ext_331,1,Normal,0
0.32157064784788686,-0.3518262355543067,-0.7129485436850859,-0.11009293676962947,ext_367,3,Normal,0
0.32157064784788686,-0.29246832025630654,-0.7129485436850859,0.11216736626461565,ext_448,4,Normal,0
-0.5444185294803544,-0.26872515413710646,1.4026257699205102,0.09364567434509523,ext_486,4,Normal,0
0.03290758873847313,-0.3518262355543067,-0.7129485436850859,-0.6287003105162015,ext_700,4,Normal,0
-0.5444185294803544,-0.30433990331590655,-0.7129485436850859,-0.22122308828675202,ext_748,3,Normal,0
-0.2557554703709406,-0.30433990331590655,-0.7129485436850859,-0.610178618596681,ext_628,4,Normal,0
-0.2557554703709406,-0.3636978186139067,-0.7129485436850859,-0.14713632060867032,ext_789,3,Normal,0
0.32157064784788686,-0.29246832025630654,-0.7129485436850859,0.09364567434509523,ext_462,2,Normal,0
-0.5444185294803544,-0.30433990331590655,-0.7129485436850859,-0.4620050832405176,ext_610,2,Normal,0
0.32157064784788686,-0.2568535710775064,-0.7129485436850859,-0.5916569266771605,ext_307,1,Normal,0
0.03290758873847313,-0.16188090660070611,-0.7129485436850859,-0.07304955293058861,ext_180,1,Normal,0
0.32157064784788686,-0.26872515413710646,1.4026257699205102,-0.03600616909154776,ext_968,3,Normal,0
0.32157064784788686,-0.29246832025630654,1.4026257699205102,-0.4434833913209972,ext_602,2,Normal,0
0.03290758873847313,-0.20936723883910627,-0.7129485436850859,-0.11009293676962947,ext_155,3,Normal,0
-0.5444185294803544,-0.2212388218987063,-0.7129485436850859,0.11216736626461565,ext_503,4,Normal,0
-0.8330815885897681,-0.31621148637550656,1.4026257699205102,-0.01748447717202733,ext_423,1,Normal,0
-0.2557554703709406,-0.3280830694351066,-0.7129485436850859,-0.4249616994014767,ext_433,3,Normal,0
-0.2557554703709406,-0.2568535710775064,-0.7129485436850859,-0.12861462868914988,ext_582,4,Normal,0
-0.2557554703709406,-0.2568535710775064,1.4026257699205102,-0.3879183155624359,ext_315,4,Normal,0
0.32157064784788686,-0.30433990331590655,-0.7129485436850859,-0.3879183155624359,ext_284,2,Normal,0
0.03290758873847313,-0.31621148637550656,-0.7129485436850859,-0.5360918509185993,ext_668,4,Normal,0
2.9195381798326108,3.233391848444904,1.4026257699205102,1.6865111794238519,ext_925,3,Suspicious,1
-0.2557554703709406,-0.1856240727199062,-0.7129485436850859,-0.23974478020627246,ext_904,1,Normal,0
-0.5444185294803544,-0.29246832025630654,1.4026257699205102,0.03808059858653395,ext_807,1,Normal,0
-0.2557554703709406,-0.2568535710775064,-0.7129485436850859,-0.054527861011068185,ext_560,3,Normal,0
1.4762228842855418,2.3311515359153017,1.4026257699205102,4.261026356237191,ext_452,2,Suspicious,1
0.32157064784788686,-0.3280830694351066,-0.7129485436850859,-0.2953098559648337,ext_690,3,Normal,0
0.03290758873847313,-0.3636978186139067,1.4026257699205102,0.01955890666701352,ext_789,3,Normal,0
-0.5444185294803544,-0.3280830694351066,-0.7129485436850859,-0.22122308828675202,ext_574,4,Normal,0
-0.8330815885897681,-0.3280830694351066,-0.7129485436850859,-0.4434833913209972,ext_969,3,Normal,0
-0.2557554703709406,-0.16188090660070611,1.4026257699205102,-0.3879183155624359,ext_424,4,Normal,0
-0.2557554703709406,-0.17375248966030615,1.4026257699205102,-0.22122308828675202,ext_899,2,Normal,0
-0.5444185294803544,-0.30433990331590655,-0.7129485436850859,0.11216736626461565,ext_288,1,Normal,0
-0.8330815885897681,-0.3518262355543067,-0.7129485436850859,-0.14713632060867032,ext_315,1,Normal,0
0.32157064784788686,-0.3636978186139067,-0.7129485436850859,-0.4064400074819563,ext_126,2,Normal,0
0.03290758873847313,-0.28059673719670647,-0.7129485436850859,-0.4249616994014767,ext_186,3,Normal,0
-0.5444185294803544,-0.19749565577950623,-0.7129485436850859,-0.6842653862747627,ext_553,1,Normal,0
-0.2557554703709406,-0.20936723883910627,1.4026257699205102,-0.07304955293058861,ext_779,3,Normal,0
0.32157064784788686,-0.3280830694351066,1.4026257699205102,0.03808059858653395,ext_661,4,Normal,0
0.32157064784788686,-0.28059673719670647,-0.7129485436850859,-0.14713632060867032,ext_636,2,Normal,0
2.3422120616137834,2.4261242003921017,1.4026257699205102,3.001551305709802,ext_924,3,Suspicious,1
-0.8330815885897681,-0.19749565577950623,-0.7129485436850859,-0.2953098559648337,ext_259,3,Normal,0
0.03290758873847313,-0.20936723883910627,-0.7129485436850859,-0.7027870781942831,ext_580,4,Normal,0
-0.5444185294803544,-0.3874409847331068,-0.7129485436850859,-0.480526775160038,ext_917,4,Normal,0
-0.5444185294803544,-0.3280830694351066,1.4026257699205102,-0.2582664721257929,ext_674,2,Normal,0
4.074190416270266,1.6544713015180994,1.4026257699205102,3.5016369875368536,ext_369,3,Suspicious,1
0.32157064784788686,-0.29246832025630654,1.4026257699205102,-0.480526775160038,ext_391,1,Normal,0
-0.8330815885897681,-0.15000932354110608,1.4026257699205102,0.01955890666701352,ext_286,4,Normal,0
0.03290758873847313,-0.31621148637550656,-0.7129485436850859,-0.6842653862747627,ext_378,2,Normal,0
-0.8330815885897681,-0.3280830694351066,-0.7129485436850859,-0.3693966236429154,ext_150,3,Normal,0
-0.8330815885897681,-0.30433990331590655,-0.7129485436850859,-0.5360918509185993,ext_228,1,Normal,0
0.03290758873847313,-0.28059673719670647,1.4026257699205102,-0.2767881640453133,ext_605,4,Normal,0
-0.2557554703709406,-0.3636978186139067,-0.7129485436850859,-0.6472220024357218,ext_813,3,Normal,0
0.32157064784788686,-0.20936723883910627,-0.7129485436850859,-0.480526775160038,ext_894,3,Normal,0
-0.8330815885897681,-0.3518262355543067,-0.7129485436850859,-0.2582664721257929,ext_936,4,Normal,0
-0.8330815885897681,-0.31621148637550656,1.4026257699205102,-0.5916569266771605,ext_353,2,Normal,0
-0.2557554703709406,-0.26872515413710646,-0.7129485436850859,0.03808059858653395,ext_584,1,Normal,0
0.32157064784788686,-0.3518262355543067,-0.7129485436850859,-0.14713632060867032,ext_862,3,Normal,0
-0.8330815885897681,-0.31621148637550656,-0.7129485436850859,-0.4249616994014767,ext_303,4,Normal,0
4.651516534489094,1.8800313796505002,1.4026257699205102,3.8165057501687008,ext_432,1,Suspicious,1
-0.8330815885897681,-0.3755694016735068,1.4026257699205102,0.11216736626461565,ext_505,2,Normal,0
-0.5444185294803544,-0.3280830694351066,1.4026257699205102,-0.610178618596681,ext_480,3,Normal,0
-0.8330815885897681,-0.2568535710775064,-0.7129485436850859,0.11216736626461565,ext_877,1,Normal,0
-0.2557554703709406,-0.1856240727199062,-0.7129485436850859,-0.18417970444771117,ext_228,2,Normal,0
-0.2557554703709406,-0.33995465249470663,-0.7129485436850859,-0.6657436943552423,ext_121,4,Normal,0
-0.2557554703709406,-0.1856240727199062,1.4026257699205102,-0.480526775160038,ext_823,2,Normal,0
0.03290758873847313,-0.29246832025630654,-0.7129485436850859,-0.6287003105162015,ext_656,2,Normal,0
-0.2557554703709406,-0.1856240727199062,-0.7129485436850859,-0.16565801252819076,ext_560,1,Normal,0
0.03290758873847313,-0.3280830694351066,-0.7129485436850859,0.01955890666701352,ext_894,3,Normal,0
-0.2557554703709406,-0.3636978186139067,1.4026257699205102,-0.480526775160038,ext_894,4,Normal,0
0.32157064784788686,-0.28059673719670647,-0.7129485436850859,-0.22122308828675202,ext_884,3,Normal,0
4.074190416270266,0.6097719922732961,1.4026257699205102,1.2605122652748821,ext_213,2,Suspicious,1
-0.5444185294803544,-0.3518262355543067,1.4026257699205102,-0.480526775160038,ext_282,1,Normal,0
0.03290758873847313,-0.20936723883910627,-0.7129485436850859,-0.6472220024357218,ext_132,3,Normal,0
-0.8330815885897681,-0.3874409847331068,-0.7129485436850859,0.05660229050605438,ext_326,4,Normal,0
4.651516534489094,4.088145828736106,1.4026257699205102,1.3345990329529638,ext_952,3,Suspicious,1
0.03290758873847313,-0.2568535710775064,-0.7129485436850859,0.01955890666701352,ext_671,3,Normal,0
1.4762228842855418,5.27530413469611,1.4026257699205102,2.4829439319632303,ext_641,1,Suspicious,1
-0.8330815885897681,-0.3518262355543067,-0.7129485436850859,-0.07304955293058861,ext_321,4,Normal,0
-0.5444185294803544,-0.17375248966030615,-0.7129485436850859,-0.054527861011068185,ext_294,4,Normal,0
0.32157064784788686,-0.2568535710775064,1.4026257699205102,0.11216736626461565,ext_864,4,Normal,0
-0.5444185294803544,-0.1856240727199062,1.4026257699205102,-0.11009293676962947,ext_206,3,Normal,0
0.32157064784788686,-0.2212388218987063,-0.7129485436850859,-0.3323532398038746,ext_773,3,Normal,0
0.03290758873847313,-0.26872515413710646,-0.7129485436850859,-0.03600616909154776,ext_965,2,Normal,0
-0.2557554703709406,-0.2568535710775064,1.4026257699205102,-0.18417970444771117,ext_484,4,Normal,0
-0.2557554703709406,-0.16188090660070611,-0.7129485436850859,-0.09157124485010903,ext_100,2,Normal,0
2.0535490025043694,1.500140721743299,1.4026257699205102,2.5385090077217916,ext_409,1,Suspicious,1
-0.2557554703709406,-0.1856240727199062,-0.7129485436850859,-0.5916569266771605,ext_890,1,Normal,0
-0.5444185294803544,-0.29246832025630654,-0.7129485436850859,-0.01748447717202733,ext_571,2,Normal,0
-0.2557554703709406,-0.3636978186139067,1.4026257699205102,-0.03600616909154776,ext_338,2,Normal,0
2.6308751207231973,5.014129307384909,1.4026257699205102,3.3349417602611697,ext_851,2,Suspicious,1
0.32157064784788686,-0.3518262355543067,-0.7129485436850859,-0.6657436943552423,ext_599,4,Normal,0
-0.2557554703709406,-0.2568535710775064,1.4026257699205102,-0.22122308828675202,ext_180,1,Normal,0
0.32157064784788686,-0.3874409847331068,1.4026257699205102,-0.6472220024357218,ext_990,3,Normal,0
3.4968642980514386,3.6370256724713053,1.4026257699205102,1.7605979471019337,ext_636,3,Suspicious,1
-0.5444185294803544,-0.3755694016735068,1.4026257699205102,-0.18417970444771117,ext_614,1,Normal,0
0.03290758873847313,-0.33995465249470663,-0.7129485436850859,-0.3138315478843542,ext_327,1,Normal,0
-0.8330815885897681,-0.1856240727199062,1.4026257699205102,-0.4064400074819563,ext_587,1,Normal,0
-0.5444185294803544,-0.33995465249470663,1.4026257699205102,-0.054527861011068185,ext_508,2,Normal,0
0.32157064784788686,-0.31621148637550656,-0.7129485436850859,-0.4249616994014767,ext_599,1,Normal,0
-0.2557554703709406,-0.17375248966030615,-0.7129485436850859,-0.5731352347576402,ext_372,4,Normal,0
-0.5444185294803544,-0.26872515413710646,-0.7129485436850859,0.0010372147474930955,ext_533,1,Normal,0
-0.2557554703709406,-0.16188090660070611,1.4026257699205102,0.01955890666701352,ext_888,2,Normal,0
2.0535490025043694,1.4170396403260987,1.4026257699205102,4.298069740076232,ext_551,3,Suspicious,1
-0.8330815885897681,-0.3518262355543067,-0.7129485436850859,-0.4249616994014767,ext_259,2,Normal,0
-0.2557554703709406,-0.3874409847331068,-0.7129485436850859,0.11216736626461565,ext_989,1,Normal,0
-0.8330815885897681,-0.26872515413710646,-0.7129485436850859,-0.07304955293058861,ext_412,2,Normal,0
-0.2557554703709406,-0.1856240727199062,1.4026257699205102,0.01955890666701352,ext_308,2,Normal,0
-0.8330815885897681,-0.24498198801790638,-0.7129485436850859,-0.4064400074819563,ext_811,2,Normal,0
0.32157064784788686,-0.29246832025630654,-0.7129485436850859,-0.16565801252819076,ext_161,1,Normal,0
-0.2557554703709406,-0.2568535710775064,-0.7129485436850859,-0.6842653862747627,ext_168,3,Normal,0
0.03290758873847313,-0.30433990331590655,1.4026257699205102,-0.11009293676962947,ext_988,1,Normal,0
0.32157064784788686,-0.1856240727199062,-0.7129485436850859,-0.4990484670795584,ext_423,2,Normal,0
0.32157064784788686,-0.3874409847331068,-0.7129485436850859,-0.4249616994014767,ext_612,3,Normal,0
-0.5444185294803544,-0.3874409847331068,-0.7129485436850859,0.09364567434509523,ext_441,3,Normal,0
-0.5444185294803544,-0.19749565577950623,-0.7129485436850859,-0.6472220024357218,ext_463,3,Normal,0
-0.8330815885897681,-0.1856240727199062,-0.7129485436850859,-0.4434833913209972,ext_999,2,Normal,0
-0.5444185294803544,-0.3636978186139067,1.4026257699205102,-0.09157124485010903,ext_449,2,Normal,0
-0.5444185294803544,-0.23311040495830634,-0.7129485436850859,0.0010372147474930955,ext_527,3,Normal,0
-0.5444185294803544,-0.15000932354110608,-0.7129485436850859,-0.01748447717202733,ext_559,2,Normal,0
0.32157064784788686,-0.33995465249470663,1.4026257699205102,-0.5360918509185993,ext_983,2,Normal,0
3.4968642980514386,4.5748807341797075,1.4026257699205102,1.6124244117457702,ext_425,2,Suspicious,1
-0.5444185294803544,-0.3874409847331068,-0.7129485436850859,-0.22122308828675202,ext_425,4,Normal,0
-0.2557554703709406,-0.33995465249470663,-0.7129485436850859,-0.5916569266771605,ext_410,2,Normal,0
3.785527357160852,3.9456868320209058,1.4026257699205102,2.3162487046875464,ext_289,2,Suspicious,1
-0.8330815885897681,-0.2568535710775064,-0.7129485436850859,0.11216736626461565,ext_710,4,Normal,0
0.32157064784788686,-0.20936723883910627,-0.7129485436850859,-0.4990484670795584,ext_237,4,Normal,0
-0.5444185294803544,-0.31621148637550656,-0.7129485436850859,-0.6657436943552423,ext_603,4,Normal,0
-0.2557554703709406,-0.23311040495830634,-0.7129485436850859,0.0751239824255748,ext_882,2,Normal,0
-0.5444185294803544,-0.2212388218987063,1.4026257699205102,0.11216736626461565,ext_875,3,Normal,0
-0.5444185294803544,-0.23311040495830634,1.4026257699205102,-0.6657436943552423,ext_987,4,Normal,0
0.32157064784788686,-0.17375248966030615,-0.7129485436850859,-0.09157124485010903,ext_837,1,Normal,0
-0.8330815885897681,-0.30433990331590655,1.4026257699205102,-0.6657436943552423,ext_562,4,Normal,0
-0.8330815885897681,-0.31621148637550656,-0.7129485436850859,-0.18417970444771117,ext_628,4,Normal,0
-0.2557554703709406,-0.2212388218987063,-0.7129485436850859,-0.2027013963672316,ext_411,3,Normal,0
0.32157064784788686,-0.33995465249470663,1.4026257699205102,0.05660229050605438,ext_727,4,Normal,0
-0.8330815885897681,-0.3280830694351066,-0.7129485436850859,-0.23974478020627246,ext_192,4,Normal,0
-0.5444185294803544,-0.2212388218987063,-0.7129485436850859,-0.16565801252819076,ext_431,1,Normal,0
-0.5444185294803544,-0.3518262355543067,-0.7129485436850859,-0.5731352347576402,ext_356,4,Normal,0
0.32157064784788686,-0.24498198801790638,-0.7129485436850859,-0.2582664721257929,ext_749,4,Normal,0
-0.2557554703709406,-0.17375248966030615,-0.7129485436850859,-0.5175701589990789,ext_144,2,Normal,0
-0.8330815885897681,-0.23311040495830634,-0.7129485436850859,-0.350874931723395,ext_283,4,Normal,0
-0.8330815885897681,-0.33995465249470663,-0.7129485436850859,-0.7027870781942831,ext_395,3,Normal,0
0.03290758873847313,-0.1856240727199062,-0.7129485436850859,0.0010372147474930955,ext_112,4,Normal,0
0.03290758873847313,-0.2212388218987063,1.4026257699205102,-0.18417970444771117,ext_343,1,Normal,0
-0.5444185294803544,-0.1856240727199062,-0.7129485436850859,0.01955890666701352,ext_715,2,Normal,0
-0.8330815885897681,-0.15000932354110608,-0.7129485436850859,-0.6657436943552423,ext_150,2,Normal,0
3.785527357160852,5.29904730081531,1.4026257699205102,3.9091142097663027,ext_974,3,Suspicious,1
-0.8330815885897681,-0.3518262355543067,1.4026257699205102,-0.4990484670795584,ext_439,2,Normal,0
0.32157064784788686,-0.17375248966030615,-0.7129485436850859,-0.16565801252819076,ext_788,3,Normal,0
2.3422120616137834,2.164949373080901,1.4026257699205102,2.7978126945950774,ext_136,4,Suspicious,1
2.9195381798326108,5.32279046693451,1.4026257699205102,3.649810522893017,ext_939,1,Suspicious,1
-0.8330815885897681,-0.29246832025630654,-0.7129485436850859,-0.09157124485010903,ext_399,4,Normal,0
-0.5444185294803544,-0.16188090660070611,-0.7129485436850859,-0.5916569266771605,ext_637,1,Normal,0
0.32157064784788686,-0.28059673719670647,1.4026257699205102,0.0010372147474930955,ext_595,3,Normal,0
0.32157064784788686,-0.2568535710775064,-0.7129485436850859,0.01955890666701352,ext_365,4,Normal,0
0.03290758873847313,-0.20936723883910627,-0.7129485436850859,0.01955890666701352,ext_632,2,Normal,0
-0.5444185294803544,-0.3874409847331068,-0.7129485436850859,-0.6842653862747627,ext_825,4,Normal,0
-0.5444185294803544,-0.16188090660070611,1.4026257699205102,-0.22122308828675202,ext_740,1,Normal,0
-0.5444185294803544,-0.3874409847331068,-0.7129485436850859,0.11216736626461565,ext_441,3,Normal,0
-0.2557554703709406,-0.28059673719670647,-0.7129485436850859,-0.7027870781942831,ext_360,1,Normal,0
0.03290758873847313,-0.17375248966030615,-0.7129485436850859,-0.4990484670795584,ext_802,2,Normal,0
0.03290758873847313,-0.20936723883910627,-0.7129485436850859,0.05660229050605438,ext_438,2,Normal,0
0.03290758873847313,-0.1856240727199062,-0.7129485436850859,-0.16565801252819076,ext_593,4,Normal,0
3.4968642980514386,2.0224903763657007,1.4026257699205102,3.7238972905710988,ext_860,3,Suspicious,1
-0.5444185294803544,-0.17375248966030615,-0.7129485436850859,-0.2953098559648337,ext_668,1,Normal,0
-0.8330815885897681,-0.26872515413710646,1.4026257699205102,0.03808059858653395,ext_252,2,Normal,0
-0.5444185294803544,-0.16188090660070611,-0.7129485436850859,-0.350874931723395,ext_684,3,Normal,0
2.9195381798326108,0.7284878228692966,1.4026257699205102,3.4090285279392516,ext_826,2,Suspicious,1
-0.2557554703709406,-0.31621148637550656,-0.7129485436850859,-0.4990484670795584,ext_480,1,Normal,0
-0.5444185294803544,-0.3636978186139067,1.4026257699205102,-0.11009293676962947,ext_483,1,Normal,0
0.32157064784788686,-0.33995465249470663,-0.7129485436850859,-0.3138315478843542,ext_918,4,Normal,0
-0.2557554703709406,-0.26872515413710646,-0.7129485436850859,-0.5916569266771605,ext_850,2,Normal,0
0.03290758873847313,-0.24498198801790638,-0.7129485436850859,-0.7027870781942831,ext_310,3,Normal,0
0.32157064784788686,-0.3636978186139067,-0.7129485436850859,-0.16565801252819076,ext_145,1,Normal,0
-0.2557554703709406,-0.3874409847331068,-0.7129485436850859,0.03808059858653395,ext_205,2,Normal,0
-0.2557554703709406,-0.29246832025630654,-0.7129485436850859,-0.18417970444771117,ext_428,1,Normal,0
-0.2557554703709406,-0.3518262355543067,-0.7129485436850859,0.01955890666701352,ext_379,1,Normal,0
0.32157064784788686,-0.26872515413710646,-0.7129485436850859,-0.5360918509185993,ext_311,3,Normal,0
-0.8330815885897681,-0.28059673719670647,-0.7129485436850859,-0.07304955293058861,ext_687,4,Normal,0
0.03290758873847313,-0.3755694016735068,-0.7129485436850859,-0.2582664721257929,ext_151,1,Normal,0
-0.5444185294803544,-0.16188090660070611,1.4026257699205102,0.01955890666701352,ext_188,3,Normal,0
-0.5444185294803544,-0.1856240727199062,-0.7129485436850859,-0.16565801252819076,ext_419,2,Normal,0
0.03290758873847313,-0.3518262355543067,1.4026257699205102,-0.350874931723395,ext_195,4,Normal,0
-0.5444185294803544,-0.33995465249470663,-0.7129485436850859,-0.2767881640453133,ext_581,4,Normal,0
-0.2557554703709406,-0.26872515413710646,1.4026257699205102,-0.12861462868914988,ext_287,1,Normal,0
-0.2557554703709406,-0.20936723883910627,1.4026257699205102,-0.5175701589990789,ext_166,3,Normal,0
0.32157064784788686,-0.33995465249470663,-0.7129485436850859,-0.23974478020627246,ext_886,1,Normal,0
-0.8330815885897681,-0.28059673719670647,1.4026257699205102,-0.23974478020627246,ext_433,4,Normal,0
0.32157064784788686,-0.3280830694351066,1.4026257699205102,-0.2582664721257929,ext_344,1,Normal,0
0.32157064784788686,-0.23311040495830634,1.4026257699205102,-0.03600616909154776,ext_448,3,Normal,0
-0.5444185294803544,-0.3636978186139067,1.4026257699205102,-0.5731352347576402,ext_657,4,Normal,0
0.03290758873847313,-0.3280830694351066,-0.7129485436850859,-0.23974478020627246,ext_433,1,Normal,0
0.32157064784788686,-0.24498198801790638,-0.7129485436850859,-0.12861462868914988,ext_712,1,Normal,0
-0.5444185294803544,-0.17375248966030615,-0.7129485436850859,-0.5360918509185993,ext_192,2,Normal,0
0.03290758873847313,-0.16188090660070611,1.4026257699205102,-0.480526775160038,ext_563,2,Normal,0
-0.2557554703709406,-0.17375248966030615,-0.7129485436850859,-0.2027013963672316,ext_797,3,Normal,0
0.32157064784788686,-0.19749565577950623,1.4026257699205102,-0.5546135428381197,ext_191,3,Normal,0
0.32157064784788686,-0.3755694016735068,-0.7129485436850859,0.1306890581841361,ext_163,3,Normal,0
-0.8330815885897681,-0.30433990331590655,1.4026257699205102,0.11216736626461565,ext_212,4,Normal,0
0.03290758873847313,-0.24498198801790638,1.4026257699205102,-0.2027013963672316,ext_740,2,Normal,0
-0.5444185294803544,-0.31621148637550656,1.4026257699205102,-0.2767881640453133,ext_778,4,Normal,0
-0.5444185294803544,-0.33995465249470663,-0.7129485436850859,-0.6287003105162015,ext_257,1,Normal,0
0.03290758873847313,-0.23311040495830634,-0.7129485436850859,-0.610178618596681,ext_247,2,Normal,0
0.03290758873847313,-0.16188090660070611,1.4026257699205102,0.01955890666701352,ext_757,2,Normal,0
0.32157064784788686,-0.2212388218987063,1.4026257699205102,-0.2953098559648337,ext_565,2,Normal,0
-0.8330815885897681,-0.17375248966030615,1.4026257699205102,-0.4249616994014767,ext_290,3,Normal,0
0.32157064784788686,-0.2568535710775064,-0.7129485436850859,-0.6657436943552423,ext_520,4,Normal,0
0.32157064784788686,-0.20936723883910627,-0.7129485436850859,-0.5360918509185993,ext_821,3,Normal,0
0.32157064784788686,-0.16188090660070611,-0.7129485436850859,-0.4249616994014767,ext_576,4,Normal,0
-0.8330815885897681,-0.15000932354110608,-0.7129485436850859,0.01955890666701352,ext_745,1,Normal,0
-0.8330815885897681,-0.20936723883910627,1.4026257699205102,-0.11009293676962947,ext_451,4,Normal,0
0.03290758873847313,-0.2568535710775064,-0.7129485436850859,-0.3693966236429154,ext_687,2,Normal,0
0.32157064784788686,-0.28059673719670647,-0.7129485436850859,-0.6472220024357218,ext_136,4,Normal,0
-0.8330815885897681,-0.28059673719670647,-0.7129485436850859,-0.3693966236429154,ext_692,4,Normal,0
-0.8330815885897681,-0.29246832025630654,-0.7129485436850859,-0.5546135428381197,ext_184,3,Normal,0
-0.8330815885897681,-0.3518262355543067,-0.7129485436850859,-0.01748447717202733,ext_381,2,Normal,0
-0.5444185294803544,-0.29246832025630654,-0.7129485436850859,-0.12861462868914988,ext_774,2,Normal,0
-0.8330815885897681,-0.26872515413710646,-0.7129485436850859,-0.5360918509185993,ext_918,2,Normal,0
0.03290758873847313,-0.24498198801790638,-0.7129485436850859,0.0751239824255748,ext_957,4,Normal,0
-0.5444185294803544,-0.17375248966030615,-0.7129485436850859,-0.6472220024357218,ext_843,3,Normal,0
-0.8330815885897681,-0.3280830694351066,1.4026257699205102,-0.23974478020627246,ext_873,4,Normal,0
0.32157064784788686,-0.30433990331590655,1.4026257699205102,0.09364567434509523,ext_408,4,Normal,0
0.32157064784788686,-0.23311040495830634,-0.7129485436850859,-0.3693966236429154,ext_585,4,Normal,0
0.32157064784788686,-0.3755694016735068,-0.7129485436850859,-0.07304955293058861,ext_491,3,Normal,0
-0.2557554703709406,-0.26872515413710646,-0.7129485436850859,-0.3879183155624359,ext_964,1,Normal,0
0.03290758873847313,-0.2212388218987063,-0.7129485436850859,0.09364567434509523,ext_361,2,Normal,0
-0.5444185294803544,-0.26872515413710646,-0.7129485436850859,0.09364567434509523,ext_632,1,Normal,0
2.9195381798326108,0.7997173212268969,1.4026257699205102,3.5386803713758943,ext_951,1,Suspicious,1
-0.5444185294803544,-0.28059673719670647,-0.7129485436850859,-0.480526775160038,ext_801,1,Normal,0
-0.8330815885897681,-0.16188090660070611,-0.7129485436850859,0.0010372147474930955,ext_124,1,Normal,0
-0.8330815885897681,-0.16188090660070611,-0.7129485436850859,-0.2582664721257929,ext_825,2,Normal,0
-0.2557554703709406,-0.28059673719670647,1.4026257699205102,0.0751239824255748,ext_213,1,Normal,0
-0.2557554703709406,-0.23311040495830634,-0.7129485436850859,-0.4064400074819563,ext_754,2,Normal,0
4.651516534489094,0.5741572430944961,1.4026257699205102,2.8533777703536387,ext_899,4,Suspicious,1
-0.2557554703709406,-0.29246832025630654,-0.7129485436850859,-0.18417970444771117,ext_440,1,Normal,0
-0.5444185294803544,-0.16188090660070611,1.4026257699205102,-0.4990484670795584,ext_603,4,Normal,0
0.03290758873847313,-0.31621148637550656,-0.7129485436850859,-0.18417970444771117,ext_211,3,Normal,0
1.4762228842855418,3.672640421650105,1.4026257699205102,4.501808351190957,ext_205,3,Suspicious,1
0.03290758873847313,-0.33995465249470663,-0.7129485436850859,-0.6657436943552423,ext_895,4,Normal,0
-0.2557554703709406,-0.24498198801790638,-0.7129485436850859,-0.11009293676962947,ext_372,4,Normal,0
-0.8330815885897681,-0.1856240727199062,-0.7129485436850859,-0.7027870781942831,ext_589,4,Normal,0
0.03290758873847313,-0.3518262355543067,-0.7129485436850859,-0.3138315478843542,ext_805,3,Normal,0
4.074190416270266,0.7522309889884966,1.4026257699205102,2.779291002675557,ext_510,3,Suspicious,1
-0.2557554703709406,-0.15000932354110608,-0.7129485436850859,-0.4990484670795584,ext_182,1,Normal,0
-0.2557554703709406,-0.24498198801790638,-0.7129485436850859,0.03808059858653395,ext_493,3,Normal,0
4.074190416270266,2.865372773597303,1.4026257699205102,4.538851735029997,ext_598,2,Suspicious,1
1.1875598251761281,4.5748807341797075,1.4026257699205102,3.8535491340077415,ext_243,2,Suspicious,1
0.32157064784788686,-0.15000932354110608,-0.7129485436850859,-0.12861462868914988,ext_600,4,Normal,0
1.1875598251761281,2.248050454498101,1.4026257699205102,4.464764967351916,ext_116,1,Suspicious,1
0.32157064784788686,-0.2212388218987063,-0.7129485436850859,-0.01748447717202733,ext_515,2,Normal,0
1.7648859433949557,3.174033933146904,1.4026257699205102,4.1498962047200685,ext_173,1,Suspicious,1
0.32157064784788686,-0.3755694016735068,-0.7129485436850859,0.11216736626461565,ext_582,2,Normal,0
-0.8330815885897681,-0.28059673719670647,-0.7129485436850859,-0.16565801252819076,ext_114,2,Normal,0
-0.8330815885897681,-0.3518262355543067,1.4026257699205102,0.0010372147474930955,ext_955,2,Normal,0
0.03290758873847313,-0.26872515413710646,1.4026257699205102,-0.3323532398038746,ext_164,1,Normal,0
-0.5444185294803544,-0.26872515413710646,-0.7129485436850859,-0.6657436943552423,ext_800,2,Normal,0
2.3422120616137834,1.0608921485380975,1.4026257699205102,4.6314601946276,ext_443,4,Suspicious,1
0.32157064784788686,-0.3280830694351066,1.4026257699205102,-0.4249616994014767,ext_272,1,Normal,0
4.074190416270266,3.921943665901706,1.4026257699205102,2.834856078434118,ext_236,2,Suspicious,1
-0.8330815885897681,-0.3874409847331068,-0.7129485436850859,-0.4990484670795584,ext_116,1,Normal,0
-0.2557554703709406,-0.23311040495830634,1.4026257699205102,0.11216736626461565,ext_823,2,Normal,0
-0.2557554703709406,-0.19749565577950623,1.4026257699205102,-0.22122308828675202,ext_311,2,Normal,0
-0.8330815885897681,-0.16188090660070611,-0.7129485436850859,0.1306890581841361,ext_278,4,Normal,0
-0.2557554703709406,-0.2568535710775064,1.4026257699205102,-0.7027870781942831,ext_726,2,Normal,0
0.32157064784788686,-0.3518262355543067,-0.7129485436850859,-0.07304955293058861,ext_296,2,Normal,0
-0.5444185294803544,-0.29246832025630654,-0.7129485436850859,-0.480526775160038,ext_575,1,Normal,0
0.03290758873847313,-0.20936723883910627,-0.7129485436850859,-0.5175701589990789,ext_915,1,Normal,0
-0.2557554703709406,-0.31621148637550656,1.4026257699205102,-0.4064400074819563,ext_155,3,Normal,0
0.03290758873847313,-0.3755694016735068,-0.7129485436850859,-0.6472220024357218,ext_731,2,Normal,0
0.03290758873847313,-0.19749565577950623,-0.7129485436850859,-0.6287003105162015,ext_261,2,Normal,0
0.32157064784788686,-0.26872515413710646,1.4026257699205102,-0.480526775160038,ext_838,3,Normal,0
-0.2557554703709406,-0.30433990331590655,-0.7129485436850859,-0.4249616994014767,ext_335,4,Normal,0
-0.5444185294803544,-0.3636978186139067,1.4026257699205102,-0.01748447717202733,ext_990,4,Normal,0
-0.5444185294803544,-0.31621148637550656,1.4026257699205102,-0.4990484670795584,ext_155,4,Normal,0
-0.5444185294803544,-0.15000932354110608,-0.7129485436850859,-0.3879183155624359,ext_482,2,Normal,0
0.32157064784788686,-0.3755694016735068,-0.7129485436850859,-0.5546135428381197,ext_443,1,Normal,0
0.03290758873847313,-0.3280830694351066,-0.7129485436850859,-0.4434833913209972,ext_972,3,Normal,0
0.32157064784788686,-0.3280830694351066,-0.7129485436850859,-0.610178618596681,ext_718,4,Normal,0
-0.5444185294803544,-0.17375248966030615,1.4026257699205102,-0.16565801252819076,ext_977,3,Normal,0
-0.5444185294803544,-0.30433990331590655,-0.7129485436850859,-0.2027013963672316,ext_114,2,Normal,0
0.32157064784788686,-0.3874409847331068,1.4026257699205102,-0.6657436943552423,ext_705,1,Normal,0
